sheet,range,cell,formula,expected,addin,issue
BI_AnovaSingleFactor,B25:H40,D29,"=BI_AnovaSingleFactor(C13:F22,0.05,TRUE)",9911,9924,value_mismatch
BI_AnovaSingleFactor,B25:H40,E29,"=BI_AnovaSingleFactor(C13:F22,0.05,TRUE)",1101.2222222222222,1102.666666666667,value_mismatch
BI_AnovaSingleFactor,B25:H40,F29,"=BI_AnovaSingleFactor(C13:F22,0.05,TRUE)",1814.6944444444441,2818,value_mismatch
BI_AnovaSingleFactor,B25:H40,D30,"=BI_AnovaSingleFactor(C13:F22,0.05,TRUE)",9878,9930,value_mismatch
BI_AnovaSingleFactor,B25:H40,E30,"=BI_AnovaSingleFactor(C13:F22,0.05,TRUE)",1097.5555555555557,1103.333333333333,value_mismatch
BI_AnovaSingleFactor,B25:H40,F30,"=BI_AnovaSingleFactor(C13:F22,0.05,TRUE)",4144.777777777777,3189.5,value_mismatch
BI_AnovaSingleFactor,B25:H40,D31,"=BI_AnovaSingleFactor(C13:F22,0.05,TRUE)",10054,9712,value_mismatch
BI_AnovaSingleFactor,B25:H40,E31,"=BI_AnovaSingleFactor(C13:F22,0.05,TRUE)",1117.111111111111,1079.111111111111,value_mismatch
BI_AnovaSingleFactor,B25:H40,F31,"=BI_AnovaSingleFactor(C13:F22,0.05,TRUE)",3856.1111111111113,2995.361111111111,value_mismatch
BI_AnovaSingleFactor,B25:H40,D32,"=BI_AnovaSingleFactor(C13:F22,0.05,TRUE)",9876,9801,value_mismatch
BI_AnovaSingleFactor,B25:H40,E32,"=BI_AnovaSingleFactor(C13:F22,0.05,TRUE)",1097.3333333333333,1089,value_mismatch
BI_AnovaSingleFactor,B25:H40,F32,"=BI_AnovaSingleFactor(C13:F22,0.05,TRUE)",4223.75,4823.5,value_mismatch
BI_AnovaSingleFactor,B25:H40,C37,"=BI_AnovaSingleFactor(C13:F22,0.05,TRUE)",2372.972222223878,3672.083333335817,value_mismatch
BI_AnovaSingleFactor,B25:H40,E37,"=BI_AnovaSingleFactor(C13:F22,0.05,TRUE)",790.9907407412926,1224.027777778606,value_mismatch
BI_AnovaSingleFactor,B25:H40,F37,"=BI_AnovaSingleFactor(C13:F22,0.05,TRUE)",0.225364188444264,0.3541142222287121,value_mismatch
BI_AnovaSingleFactor,B25:H40,G37,"=BI_AnovaSingleFactor(C13:F22,0.05,TRUE)",0.8780497000647114,0.786456218644639,value_mismatch
BI_AnovaSingleFactor,B25:H40,C38,"=BI_AnovaSingleFactor(C13:F22,0.05,TRUE)",112314.66666666666,110610.8888888889,value_mismatch
BI_AnovaSingleFactor,B25:H40,E38,"=BI_AnovaSingleFactor(C13:F22,0.05,TRUE)",3509.833333333333,3456.590277777778,value_mismatch
BI_AnovaSingleFactor,B25:H40,C40,"=BI_AnovaSingleFactor(C13:F22,0.05,TRUE)",114687.63888889053,114282.9722222247,value_mismatch
BI_AnovaTwoFactorsWithoutRepli,B32:H63,D35,"=BI_AnovaTwoFactorsWithoutReplication(B13:F29,0.05,TRUE)",4549,4329,value_mismatch
BI_AnovaTwoFactorsWithoutRepli,B32:H63,E35,"=BI_AnovaTwoFactorsWithoutReplication(B13:F29,0.05,TRUE)",1137.25,1082.25,value_mismatch
BI_AnovaTwoFactorsWithoutRepli,B32:H63,F35,"=BI_AnovaTwoFactorsWithoutReplication(B13:F29,0.05,TRUE)",2284.25,3274.25,value_mismatch
BI_AnovaTwoFactorsWithoutRepli,B32:H63,D36,"=BI_AnovaTwoFactorsWithoutReplication(B13:F29,0.05,TRUE)",4536,4413,value_mismatch
BI_AnovaTwoFactorsWithoutRepli,B32:H63,E36,"=BI_AnovaTwoFactorsWithoutReplication(B13:F29,0.05,TRUE)",1134,1103.25,value_mismatch
BI_AnovaTwoFactorsWithoutRepli,B32:H63,F36,"=BI_AnovaTwoFactorsWithoutReplication(B13:F29,0.05,TRUE)",3282,6384.916666666667,value_mismatch
BI_AnovaTwoFactorsWithoutRepli,B32:H63,D37,"=BI_AnovaTwoFactorsWithoutReplication(B13:F29,0.05,TRUE)",4356,4287,value_mismatch
BI_AnovaTwoFactorsWithoutRepli,B32:H63,E37,"=BI_AnovaTwoFactorsWithoutReplication(B13:F29,0.05,TRUE)",1089,1071.75,value_mismatch
BI_AnovaTwoFactorsWithoutRepli,B32:H63,F37,"=BI_AnovaTwoFactorsWithoutReplication(B13:F29,0.05,TRUE)",3822,4708.916666666667,value_mismatch
BI_AnovaTwoFactorsWithoutRepli,B32:H63,D38,"=BI_AnovaTwoFactorsWithoutReplication(B13:F29,0.05,TRUE)",4468,4359,value_mismatch
BI_AnovaTwoFactorsWithoutRepli,B32:H63,E38,"=BI_AnovaTwoFactorsWithoutReplication(B13:F29,0.05,TRUE)",1117,1089.75,value_mismatch
BI_AnovaTwoFactorsWithoutRepli,B32:H63,F38,"=BI_AnovaTwoFactorsWithoutReplication(B13:F29,0.05,TRUE)",2884.6666666666665,3862.916666666667,value_mismatch
BI_AnovaTwoFactorsWithoutRepli,B32:H63,D39,"=BI_AnovaTwoFactorsWithoutReplication(B13:F29,0.05,TRUE)",4624,4474,value_mismatch
BI_AnovaTwoFactorsWithoutRepli,B32:H63,E39,"=BI_AnovaTwoFactorsWithoutReplication(B13:F29,0.05,TRUE)",1156,1118.5,value_mismatch
BI_AnovaTwoFactorsWithoutRepli,B32:H63,F39,"=BI_AnovaTwoFactorsWithoutReplication(B13:F29,0.05,TRUE)",1530,4412.333333333333,value_mismatch
BI_AnovaTwoFactorsWithoutRepli,B32:H63,D40,"=BI_AnovaTwoFactorsWithoutReplication(B13:F29,0.05,TRUE)",4277,4434,value_mismatch
BI_AnovaTwoFactorsWithoutRepli,B32:H63,E40,"=BI_AnovaTwoFactorsWithoutReplication(B13:F29,0.05,TRUE)",1069.25,1108.5,value_mismatch
BI_AnovaTwoFactorsWithoutRepli,B32:H63,F40,"=BI_AnovaTwoFactorsWithoutReplication(B13:F29,0.05,TRUE)",2294.9166666666665,3589.666666666667,value_mismatch
BI_AnovaTwoFactorsWithoutRepli,B32:H63,D41,"=BI_AnovaTwoFactorsWithoutReplication(B13:F29,0.05,TRUE)",4330,4435,value_mismatch
BI_AnovaTwoFactorsWithoutRepli,B32:H63,E41,"=BI_AnovaTwoFactorsWithoutReplication(B13:F29,0.05,TRUE)",1082.5,1108.75,value_mismatch
BI_AnovaTwoFactorsWithoutRepli,B32:H63,F41,"=BI_AnovaTwoFactorsWithoutReplication(B13:F29,0.05,TRUE)",2073.6666666666665,5936.25,value_mismatch
BI_AnovaTwoFactorsWithoutRepli,B32:H63,D42,"=BI_AnovaTwoFactorsWithoutReplication(B13:F29,0.05,TRUE)",4259,4429,value_mismatch
BI_AnovaTwoFactorsWithoutRepli,B32:H63,E42,"=BI_AnovaTwoFactorsWithoutReplication(B13:F29,0.05,TRUE)",1064.75,1107.25,value_mismatch
BI_AnovaTwoFactorsWithoutRepli,B32:H63,F42,"=BI_AnovaTwoFactorsWithoutReplication(B13:F29,0.05,TRUE)",5480.25,1364.916666666667,value_mismatch
BI_AnovaTwoFactorsWithoutRepli,B32:H63,D43,"=BI_AnovaTwoFactorsWithoutReplication(B13:F29,0.05,TRUE)",4368,4446,value_mismatch
BI_AnovaTwoFactorsWithoutRepli,B32:H63,E43,"=BI_AnovaTwoFactorsWithoutReplication(B13:F29,0.05,TRUE)",1092,1111.5,value_mismatch
BI_AnovaTwoFactorsWithoutRepli,B32:H63,F43,"=BI_AnovaTwoFactorsWithoutReplication(B13:F29,0.05,TRUE)",6600.666666666667,1779.666666666667,value_mismatch
BI_AnovaTwoFactorsWithoutRepli,B32:H63,D44,"=BI_AnovaTwoFactorsWithoutReplication(B13:F29,0.05,TRUE)",4531,4394,value_mismatch
BI_AnovaTwoFactorsWithoutRepli,B32:H63,E44,"=BI_AnovaTwoFactorsWithoutReplication(B13:F29,0.05,TRUE)",1132.75,1098.5,value_mismatch
BI_AnovaTwoFactorsWithoutRepli,B32:H63,F44,"=BI_AnovaTwoFactorsWithoutReplication(B13:F29,0.05,TRUE)",4950.25,1517.666666666667,value_mismatch
BI_AnovaTwoFactorsWithoutRepli,B32:H63,D45,"=BI_AnovaTwoFactorsWithoutReplication(B13:F29,0.05,TRUE)",4166,4442,value_mismatch
BI_AnovaTwoFactorsWithoutRepli,B32:H63,E45,"=BI_AnovaTwoFactorsWithoutReplication(B13:F29,0.05,TRUE)",1041.5,1110.5,value_mismatch
BI_AnovaTwoFactorsWithoutRepli,B32:H63,F45,"=BI_AnovaTwoFactorsWithoutReplication(B13:F29,0.05,TRUE)",1477.6666666666667,2767,value_mismatch
BI_AnovaTwoFactorsWithoutRepli,B32:H63,D46,"=BI_AnovaTwoFactorsWithoutReplication(B13:F29,0.05,TRUE)",4343,4311,value_mismatch
BI_AnovaTwoFactorsWithoutRepli,B32:H63,E46,"=BI_AnovaTwoFactorsWithoutReplication(B13:F29,0.05,TRUE)",1085.75,1077.75,value_mismatch
BI_AnovaTwoFactorsWithoutRepli,B32:H63,F46,"=BI_AnovaTwoFactorsWithoutReplication(B13:F29,0.05,TRUE)",6000.25,7332.916666666667,value_mismatch
BI_AnovaTwoFactorsWithoutRepli,B32:H63,D47,"=BI_AnovaTwoFactorsWithoutReplication(B13:F29,0.05,TRUE)",4391,4413,value_mismatch
BI_AnovaTwoFactorsWithoutRepli,B32:H63,E47,"=BI_AnovaTwoFactorsWithoutReplication(B13:F29,0.05,TRUE)",1097.75,1103.25,value_mismatch
BI_AnovaTwoFactorsWithoutRepli,B32:H63,F47,"=BI_AnovaTwoFactorsWithoutReplication(B13:F29,0.05,TRUE)",2396.25,4786.25,value_mismatch
BI_AnovaTwoFactorsWithoutRepli,B32:H63,D48,"=BI_AnovaTwoFactorsWithoutReplication(B13:F29,0.05,TRUE)",4661,4423,value_mismatch
BI_AnovaTwoFactorsWithoutRepli,B32:H63,E48,"=BI_AnovaTwoFactorsWithoutReplication(B13:F29,0.05,TRUE)",1165.25,1105.75,value_mismatch
BI_AnovaTwoFactorsWithoutRepli,B32:H63,F48,"=BI_AnovaTwoFactorsWithoutReplication(B13:F29,0.05,TRUE)",118.91666666666667,4111.583333333333,value_mismatch
BI_AnovaTwoFactorsWithoutRepli,B32:H63,D49,"=BI_AnovaTwoFactorsWithoutReplication(B13:F29,0.05,TRUE)",4480,4277,value_mismatch
BI_AnovaTwoFactorsWithoutRepli,B32:H63,E49,"=BI_AnovaTwoFactorsWithoutReplication(B13:F29,0.05,TRUE)",1120,1069.25,value_mismatch
BI_AnovaTwoFactorsWithoutRepli,B32:H63,F49,"=BI_AnovaTwoFactorsWithoutReplication(B13:F29,0.05,TRUE)",134,3110.916666666667,value_mismatch
BI_AnovaTwoFactorsWithoutRepli,B32:H63,D50,"=BI_AnovaTwoFactorsWithoutReplication(B13:F29,0.05,TRUE)",4429,4451,value_mismatch
BI_AnovaTwoFactorsWithoutRepli,B32:H63,E50,"=BI_AnovaTwoFactorsWithoutReplication(B13:F29,0.05,TRUE)",1107.25,1112.75,value_mismatch
BI_AnovaTwoFactorsWithoutRepli,B32:H63,F50,"=BI_AnovaTwoFactorsWithoutReplication(B13:F29,0.05,TRUE)",2226.25,4466.25,value_mismatch
BI_AnovaTwoFactorsWithoutRepli,B32:H63,D52,"=BI_AnovaTwoFactorsWithoutReplication(B13:F29,0.05,TRUE)",17589,17579,value_mismatch
BI_AnovaTwoFactorsWithoutRepli,B32:H63,E52,"=BI_AnovaTwoFactorsWithoutReplication(B13:F29,0.05,TRUE)",1099.3125,1098.6875,value_mismatch
BI_AnovaTwoFactorsWithoutRepli,B32:H63,F52,"=BI_AnovaTwoFactorsWithoutReplication(B13:F29,0.05,TRUE)",4003.5625,3332.7625,value_mismatch
BI_AnovaTwoFactorsWithoutRepli,B32:H63,D53,"=BI_AnovaTwoFactorsWithoutReplication(B13:F29,0.05,TRUE)",17491,17674,value_mismatch
BI_AnovaTwoFactorsWithoutRepli,B32:H63,E53,"=BI_AnovaTwoFactorsWithoutReplication(B13:F29,0.05,TRUE)",1093.1875,1104.625,value_mismatch
BI_AnovaTwoFactorsWithoutRepli,B32:H63,F53,"=BI_AnovaTwoFactorsWithoutReplication(B13:F29,0.05,TRUE)",3729.7625,3137.316666666667,value_mismatch
BI_AnovaTwoFactorsWithoutRepli,B32:H63,D54,"=BI_AnovaTwoFactorsWithoutReplication(B13:F29,0.05,TRUE)",17956,17594,value_mismatch
BI_AnovaTwoFactorsWithoutRepli,B32:H63,E54,"=BI_AnovaTwoFactorsWithoutReplication(B13:F29,0.05,TRUE)",1122.25,1099.625,value_mismatch
BI_AnovaTwoFactorsWithoutRepli,B32:H63,F54,"=BI_AnovaTwoFactorsWithoutReplication(B13:F29,0.05,TRUE)",2835.8,3163.05,value_mismatch
BI_AnovaTwoFactorsWithoutRepli,B32:H63,D55,"=BI_AnovaTwoFactorsWithoutReplication(B13:F29,0.05,TRUE)",17732,17470,value_mismatch
BI_AnovaTwoFactorsWithoutRepli,B32:H63,E55,"=BI_AnovaTwoFactorsWithoutReplication(B13:F29,0.05,TRUE)",1108.25,1091.875,value_mismatch
BI_AnovaTwoFactorsWithoutRepli,B32:H63,F55,"=BI_AnovaTwoFactorsWithoutReplication(B13:F29,0.05,TRUE)",3107.6666666666665,3929.983333333333,value_mismatch
BI_AnovaTwoFactorsWithoutRepli,B32:H63,C59,"=BI_AnovaTwoFactorsWithoutReplication(B13:F29,0.05,TRUE)",70128,14548.109375,value_mismatch
BI_AnovaTwoFactorsWithoutRepli,B32:H63,E59,"=BI_AnovaTwoFactorsWithoutReplication(B13:F29,0.05,TRUE)",4675.2,969.8739583333333,value_mismatch
BI_AnovaTwoFactorsWithoutRepli,B32:H63,F59,"=BI_AnovaTwoFactorsWithoutReplication(B13:F29,0.05,TRUE)",1.558124442806874,0.2310463559769053,value_mismatch
BI_AnovaTwoFactorsWithoutRepli,B32:H63,G59,"=BI_AnovaTwoFactorsWithoutReplication(B13:F29,0.05,TRUE)",0.12533857264084566,0.9983098533016539,value_mismatch
BI_AnovaTwoFactorsWithoutRepli,B32:H63,C60,"=BI_AnovaTwoFactorsWithoutReplication(B13:F29,0.05,TRUE)",7644.125,1320.671875,value_mismatch
BI_AnovaTwoFactorsWithoutRepli,B32:H63,E60,"=BI_AnovaTwoFactorsWithoutReplication(B13:F29,0.05,TRUE)",2548.0416666666665,440.2239583333333,value_mismatch
BI_AnovaTwoFactorsWithoutRepli,B32:H63,F60,"=BI_AnovaTwoFactorsWithoutReplication(B13:F29,0.05,TRUE)",0.849197040153084,0.1048715047070977,value_mismatch
BI_AnovaTwoFactorsWithoutRepli,B32:H63,G60,"=BI_AnovaTwoFactorsWithoutReplication(B13:F29,0.05,TRUE)",0.47434401620846,0.9568060239970644,value_mismatch
BI_AnovaTwoFactorsWithoutRepli,B32:H63,C61,"=BI_AnovaTwoFactorsWithoutReplication(B13:F29,0.05,TRUE)",135023.875,188898.578125,value_mismatch
BI_AnovaTwoFactorsWithoutRepli,B32:H63,E61,"=BI_AnovaTwoFactorsWithoutReplication(B13:F29,0.05,TRUE)",3000.5305555555556,4197.746180555556,value_mismatch
BI_AnovaTwoFactorsWithoutRepli,B32:H63,C63,"=BI_AnovaTwoFactorsWithoutReplication(B13:F29,0.05,TRUE)",212796,204767.359375,value_mismatch
BI_Correlation,B26:F38,C28,"=BI_Correlation(C14:F23,TRUE)",0.18005510003354486,-0.2885950762652894,value_mismatch
BI_Correlation,B26:F38,C29,"=BI_Correlation(C14:F23,TRUE)",-0.21788606176716632,0.02585313369490233,value_mismatch
BI_Correlation,B26:F38,D29,"=BI_Correlation(C14:F23,TRUE)",-0.22981671078293772,0.05060963814403942,value_mismatch
BI_Correlation,B26:F38,C30,"=BI_Correlation(C14:F23,TRUE)",-0.17027588729664936,-0.7305771968593113,value_mismatch
BI_Correlation,B26:F38,D30,"=BI_Correlation(C14:F23,TRUE)",0.025118997180012138,0.2089904927989154,value_mismatch
BI_Correlation,B26:F38,E30,"=BI_Correlation(C14:F23,TRUE)",0.1808497269400981,0.08329218441291904,value_mismatch
BI_Correlation,B26:F38,C33,"=BI_Correlation(C14:F23,TRUE)",Website,Advertisements,value_mismatch
BI_Correlation,B26:F38,D33,"=BI_Correlation(C14:F23,TRUE)",0.1808497269400981,0.2089904927989154,value_mismatch
BI_Correlation,B26:F38,B34,"=BI_Correlation(C14:F23,TRUE)",Advertisements,Direct,value_mismatch
BI_Correlation,B26:F38,C34,"=BI_Correlation(C14:F23,TRUE)",Salesman,Website,value_mismatch
BI_Correlation,B26:F38,D34,"=BI_Correlation(C14:F23,TRUE)",0.18005510003354486,0.08329218441291904,value_mismatch
BI_Correlation,B26:F38,B35,"=BI_Correlation(C14:F23,TRUE)",Direct,Website,value_mismatch
BI_Correlation,B26:F38,D35,"=BI_Correlation(C14:F23,TRUE)",0.025118997180012138,0.05060963814403942,value_mismatch
BI_Correlation,B26:F38,B36,"=BI_Correlation(C14:F23,TRUE)",Direct,Website,value_mismatch
BI_Correlation,B26:F38,D36,"=BI_Correlation(C14:F23,TRUE)",-0.17027588729664936,0.02585313369490233,value_mismatch
BI_Correlation,B26:F38,B37,"=BI_Correlation(C14:F23,TRUE)",Website,Advertisements,value_mismatch
BI_Correlation,B26:F38,D37,"=BI_Correlation(C14:F23,TRUE)",-0.21788606176716632,-0.2885950762652894,value_mismatch
BI_Correlation,B26:F38,B38,"=BI_Correlation(C14:F23,TRUE)",Website,Direct,value_mismatch
BI_Correlation,B26:F38,C38,"=BI_Correlation(C14:F23,TRUE)",Advertisements,Salesman,value_mismatch
BI_Correlation,B26:F38,D38,"=BI_Correlation(C14:F23,TRUE)",-0.22981671078293772,-0.7305771968593113,value_mismatch
BI_Covariance,B25:F29,C26,"=BI_Covariance(C13:F22,TRUE)",3641.5802469135797,4028.839506172839,value_mismatch
BI_Covariance,B25:F29,C27,"=BI_Covariance(C13:F22,TRUE)",35.086419753086474,555.3827160493827,value_mismatch
BI_Covariance,B25:F29,D27,"=BI_Covariance(C13:F22,TRUE)",2779.3580246913575,4103.95061728395,value_mismatch
BI_Covariance,B25:F29,C28,"=BI_Covariance(C13:F22,TRUE)",-1085.5555555555557,-2459.222222222222,value_mismatch
BI_Covariance,B25:F29,D28,"=BI_Covariance(C13:F22,TRUE)",470.44444444444446,-207.888888888889,value_mismatch
BI_Covariance,B25:F29,E28,"=BI_Covariance(C13:F22,TRUE)",1847.5555555555557,3107.777777777778,value_mismatch
BI_Covariance,B25:F29,C29,"=BI_Covariance(C13:F22,TRUE)",-1605.9753086419755,-3002.024691358025,value_mismatch
BI_Covariance,B25:F29,D29,"=BI_Covariance(C13:F22,TRUE)",-891.6913580246915,-1202.086419753086,value_mismatch
BI_Covariance,B25:F29,E29,"=BI_Covariance(C13:F22,TRUE)",-879.3333333333334,1534.444444444444,value_mismatch
BI_Covariance,B25:F29,F29,"=BI_Covariance(C13:F22,TRUE)",3209.1358024691353,3984.0987654321,value_mismatch
BI_DateDif,B16:D21,D16,"=BI_DateDif(C13,C14)",26,24,value_mismatch
BI_DateDif,B16:D21,D17,"=BI_DateDif(C13,C14)",6,9,value_mismatch
BI_DateDif,B16:D21,D18,"=BI_DateDif(C13,C14)",19,7,value_mismatch
BI_DateDif,B16:D21,D19,"=BI_DateDif(C13,C14)",318,297,value_mismatch
BI_DateDif,B16:D21,D20,"=BI_DateDif(C13,C14)",9697,9047,value_mismatch
BI_DateDif,B16:D21,D21,"=BI_DateDif(C13,C14)",200,281,value_mismatch
BI_ExponentialSmoothing,D14:D32,D14,"=BI_ExponentialSmoothing(C13:C32,,TRUE)",1392,1924,value_mismatch
BI_ExponentialSmoothing,D14:D32,D15,"=BI_ExponentialSmoothing(C13:C32,,TRUE)",1627.1999999999998,1839.3,value_mismatch
BI_ExponentialSmoothing,D14:D32,D16,"=BI_ExponentialSmoothing(C13:C32,,TRUE)",1698.4599999999998,1648.69,value_mismatch
BI_ExponentialSmoothing,D14:D32,D17,"=BI_ExponentialSmoothing(C13:C32,,TRUE)",1524.5379999999998,1334.607,value_mismatch
BI_ExponentialSmoothing,D14:D32,D18,"=BI_ExponentialSmoothing(C13:C32,,TRUE)",1470.2613999999999,1424.4821,value_mismatch
BI_ExponentialSmoothing,D14:D32,D19,"=BI_ExponentialSmoothing(C13:C32,,TRUE)",1792.0784199999998,1751.74463,value_mismatch
BI_ExponentialSmoothing,D14:D32,D20,"=BI_ExponentialSmoothing(C13:C32,,TRUE)",1596.023526,1332.623389,value_mismatch
BI_ExponentialSmoothing,D14:D32,D21,"=BI_ExponentialSmoothing(C13:C32,,TRUE)",1751.4070577999998,1572.2870167,value_mismatch
BI_ExponentialSmoothing,D14:D32,D22,"=BI_ExponentialSmoothing(C13:C32,,TRUE)",1575.4221173399999,1631.58610501,value_mismatch
BI_ExponentialSmoothing,D14:D32,D23,"=BI_ExponentialSmoothing(C13:C32,,TRUE)",1506.5266352019999,1244.775831503,value_mismatch
BI_ExponentialSmoothing,D14:D32,D24,"=BI_ExponentialSmoothing(C13:C32,,TRUE)",1567.7579905605999,1241.4327494509,value_mismatch
BI_ExponentialSmoothing,D14:D32,D25,"=BI_ExponentialSmoothing(C13:C32,,TRUE)",1600.1273971681799,1460.22982483527,value_mismatch
BI_ExponentialSmoothing,D14:D32,D26,"=BI_ExponentialSmoothing(C13:C32,,TRUE)",1353.6382191504538,1677.768947450581,value_mismatch
BI_ExponentialSmoothing,D14:D32,D27,"=BI_ExponentialSmoothing(C13:C32,,TRUE)",1498.0914657451362,1225.730684235174,value_mismatch
BI_ExponentialSmoothing,D14:D32,D28,"=BI_ExponentialSmoothing(C13:C32,,TRUE)",1437.1274397235409,1151.019205270552,value_mismatch
BI_ExponentialSmoothing,D14:D32,D29,"=BI_ExponentialSmoothing(C13:C32,,TRUE)",1731.0382319170621,1665.505761581165,value_mismatch
BI_ExponentialSmoothing,D14:D32,D30,"=BI_ExponentialSmoothing(C13:C32,,TRUE)",1427.2114695751186,1223.45172847435,value_mismatch
BI_ExponentialSmoothing,D14:D32,D31,"=BI_ExponentialSmoothing(C13:C32,,TRUE)",1608.3634408725354,1578.735518542305,value_mismatch
BI_ExponentialSmoothing,D14:D32,D32,"=BI_ExponentialSmoothing(C13:C32,,TRUE)",1223.8090322617604,1543.920655562691,value_mismatch
BI_ExponentialSmoothing,E14:E32,E14,"=BI_ExponentialSmoothing(C13:C32,E12,TRUE)",1392,1924,value_mismatch
BI_ExponentialSmoothing,E14:E32,E15,"=BI_ExponentialSmoothing(C13:C32,E12,TRUE)",1560,1863.5,value_mismatch
BI_ExponentialSmoothing,E14:E32,E16,"=BI_ExponentialSmoothing(C13:C32,E12,TRUE)",1644.5,1715.25,value_mismatch
BI_ExponentialSmoothing,E14:E32,E17,"=BI_ExponentialSmoothing(C13:C32,E12,TRUE)",1547.25,1457.625,value_mismatch
BI_ExponentialSmoothing,E14:E32,E18,"=BI_ExponentialSmoothing(C13:C32,E12,TRUE)",1497.125,1460.3125,value_mismatch
BI_ExponentialSmoothing,E14:E32,E19,"=BI_ExponentialSmoothing(C13:C32,E12,TRUE)",1713.5625,1676.15625,value_mismatch
BI_ExponentialSmoothing,E14:E32,E20,"=BI_ExponentialSmoothing(C13:C32,E12,TRUE)",1612.78125,1414.578125,value_mismatch
BI_ExponentialSmoothing,E14:E32,E21,"=BI_ExponentialSmoothing(C13:C32,E12,TRUE)",1715.390625,1544.7890625,value_mismatch
BI_ExponentialSmoothing,E14:E32,E22,"=BI_ExponentialSmoothing(C13:C32,E12,TRUE)",1607.6953125,1600.89453125,value_mismatch
BI_ExponentialSmoothing,E14:E32,E23,"=BI_ExponentialSmoothing(C13:C32,E12,TRUE)",1542.34765625,1339.947265625,value_mismatch
BI_ExponentialSmoothing,E14:E32,E24,"=BI_ExponentialSmoothing(C13:C32,E12,TRUE)",1568.173828125,1289.9736328125,value_mismatch
BI_ExponentialSmoothing,E14:E32,E25,"=BI_ExponentialSmoothing(C13:C32,E12,TRUE)",1591.0869140625,1421.98681640625,value_mismatch
BI_ExponentialSmoothing,E14:E32,E26,"=BI_ExponentialSmoothing(C13:C32,E12,TRUE)",1419.54345703125,1596.493408203125,value_mismatch
BI_ExponentialSmoothing,E14:E32,E27,"=BI_ExponentialSmoothing(C13:C32,E12,TRUE)",1489.771728515625,1314.246704101562,value_mismatch
BI_ExponentialSmoothing,E14:E32,E28,"=BI_ExponentialSmoothing(C13:C32,E12,TRUE)",1450.3858642578125,1216.623352050781,value_mismatch
BI_ExponentialSmoothing,E14:E32,E29,"=BI_ExponentialSmoothing(C13:C32,E12,TRUE)",1653.6929321289062,1551.311676025391,value_mismatch
BI_ExponentialSmoothing,E14:E32,E30,"=BI_ExponentialSmoothing(C13:C32,E12,TRUE)",1475.3464660644531,1292.655838012695,value_mismatch
BI_ExponentialSmoothing,E14:E32,E31,"=BI_ExponentialSmoothing(C13:C32,E12,TRUE)",1580.6732330322266,1511.827919006348,value_mismatch
BI_ExponentialSmoothing,E14:E32,E32,"=BI_ExponentialSmoothing(C13:C32,E12,TRUE)",1319.8366165161133,1520.413959503174,value_mismatch
BI_FinancialYear,C12,C12,"=BI_FinancialYear(,,B12)",26-27,24-25,value_mismatch
BI_FinancialYear,C13,C13,"=BI_FinancialYear(,,B13)",2026-27,2024-25,value_mismatch
BI_FinancialYear,C14,C14,"=BI_FinancialYear(,,B14)",2026-2027,2024-2025,value_mismatch
BI_FinancialYearEnd,B12,B12,=BI_FinancialYearEnd(),2027-03-31 00:00:00,2025-03-31 00:00:00,value_mismatch
BI_FinancialYearStart,B12,B12,=BI_FinancialYearStart(),2026-04-01 00:00:00,2024-04-01 00:00:00,value_mismatch
BI_IsLeap,B12,B12,=BI_IsLeap(),False,True,value_mismatch
BI_MonthlyCalendar,B12:H18,B12,=BI_MonthlyCalendar(),ஜூலை,Oct,value_mismatch
BI_MonthlyCalendar,B12:H18,C12,=BI_MonthlyCalendar(),2026,2024,value_mismatch
BI_MonthlyCalendar,B12:H18,B13,=BI_MonthlyCalendar(),ஞாயிறு,Sun,value_mismatch
BI_MonthlyCalendar,B12:H18,C13,=BI_MonthlyCalendar(),திங்கள்,Mon,value_mismatch
BI_MonthlyCalendar,B12:H18,D13,=BI_MonthlyCalendar(),செவ்வாய்,Tue,value_mismatch
BI_MonthlyCalendar,B12:H18,E13,=BI_MonthlyCalendar(),புதன்,Wed,value_mismatch
BI_MonthlyCalendar,B12:H18,F13,=BI_MonthlyCalendar(),வியாழன்,Thu,value_mismatch
BI_MonthlyCalendar,B12:H18,G13,=BI_MonthlyCalendar(),வெள்ளி,Fri,value_mismatch
BI_MonthlyCalendar,B12:H18,H13,=BI_MonthlyCalendar(),சனி,Sat,value_mismatch
BI_MonthlyCalendar,B12:H18,D14,=BI_MonthlyCalendar(),,1,value_mismatch
BI_MonthlyCalendar,B12:H18,E14,=BI_MonthlyCalendar(),1,2,value_mismatch
BI_MonthlyCalendar,B12:H18,F14,=BI_MonthlyCalendar(),2,3,value_mismatch
BI_MonthlyCalendar,B12:H18,G14,=BI_MonthlyCalendar(),3,4,value_mismatch
BI_MonthlyCalendar,B12:H18,H14,=BI_MonthlyCalendar(),4,5,value_mismatch
BI_MonthlyCalendar,B12:H18,B15,=BI_MonthlyCalendar(),5,6,value_mismatch
BI_MonthlyCalendar,B12:H18,C15,=BI_MonthlyCalendar(),6,7,value_mismatch
BI_MonthlyCalendar,B12:H18,D15,=BI_MonthlyCalendar(),7,8,value_mismatch
BI_MonthlyCalendar,B12:H18,E15,=BI_MonthlyCalendar(),8,9,value_mismatch
BI_MonthlyCalendar,B12:H18,F15,=BI_MonthlyCalendar(),9,10,value_mismatch
BI_MonthlyCalendar,B12:H18,G15,=BI_MonthlyCalendar(),10,11,value_mismatch
BI_MonthlyCalendar,B12:H18,H15,=BI_MonthlyCalendar(),11,12,value_mismatch
BI_MonthlyCalendar,B12:H18,B16,=BI_MonthlyCalendar(),12,13,value_mismatch
BI_MonthlyCalendar,B12:H18,C16,=BI_MonthlyCalendar(),13,14,value_mismatch
BI_MonthlyCalendar,B12:H18,D16,=BI_MonthlyCalendar(),14,15,value_mismatch
BI_MonthlyCalendar,B12:H18,E16,=BI_MonthlyCalendar(),15,16,value_mismatch
BI_MonthlyCalendar,B12:H18,F16,=BI_MonthlyCalendar(),16,17,value_mismatch
BI_MonthlyCalendar,B12:H18,G16,=BI_MonthlyCalendar(),17,18,value_mismatch
BI_MonthlyCalendar,B12:H18,H16,=BI_MonthlyCalendar(),18,19,value_mismatch
BI_MonthlyCalendar,B12:H18,B17,=BI_MonthlyCalendar(),19,20,value_mismatch
BI_MonthlyCalendar,B12:H18,C17,=BI_MonthlyCalendar(),20,21,value_mismatch
BI_MonthlyCalendar,B12:H18,D17,=BI_MonthlyCalendar(),21,22,value_mismatch
BI_MonthlyCalendar,B12:H18,E17,=BI_MonthlyCalendar(),22,23,value_mismatch
BI_MonthlyCalendar,B12:H18,F17,=BI_MonthlyCalendar(),23,24,value_mismatch
BI_MonthlyCalendar,B12:H18,G17,=BI_MonthlyCalendar(),24,25,value_mismatch
BI_MonthlyCalendar,B12:H18,H17,=BI_MonthlyCalendar(),25,26,value_mismatch
BI_MonthlyCalendar,B12:H18,B18,=BI_MonthlyCalendar(),26,27,value_mismatch
BI_MonthlyCalendar,B12:H18,C18,=BI_MonthlyCalendar(),27,28,value_mismatch
BI_MonthlyCalendar,B12:H18,D18,=BI_MonthlyCalendar(),28,29,value_mismatch
BI_MonthlyCalendar,B12:H18,E18,=BI_MonthlyCalendar(),29,30,value_mismatch
BI_MonthlyCalendar,B12:H18,F18,=BI_MonthlyCalendar(),30,31,value_mismatch
BI_MonthlyCalendar,B12:H18,G18,=BI_MonthlyCalendar(),31,,addin_blank
BI_MonthlyCalendar,B22:H28,B22,"=BI_MonthlyCalendar(,,""DDDD"")",ஜூலை,October,value_mismatch
BI_MonthlyCalendar,B22:H28,C22,"=BI_MonthlyCalendar(,,""DDDD"")",2026,2024,value_mismatch
BI_MonthlyCalendar,B22:H28,B23,"=BI_MonthlyCalendar(,,""DDDD"")",ஞாயிற்றுக்கிழமை,Sunday,value_mismatch
BI_MonthlyCalendar,B22:H28,C23,"=BI_MonthlyCalendar(,,""DDDD"")",திங்கள்கிழமை,Monday,value_mismatch
BI_MonthlyCalendar,B22:H28,D23,"=BI_MonthlyCalendar(,,""DDDD"")",செவ்வாய்க்கிழமை,Tuesday,value_mismatch
BI_MonthlyCalendar,B22:H28,E23,"=BI_MonthlyCalendar(,,""DDDD"")",புதன்கிழமை,Wednesday,value_mismatch
BI_MonthlyCalendar,B22:H28,F23,"=BI_MonthlyCalendar(,,""DDDD"")",வியாழக்கிழமை,Thursday,value_mismatch
BI_MonthlyCalendar,B22:H28,G23,"=BI_MonthlyCalendar(,,""DDDD"")",வெள்ளிக்கிழமை,Friday,value_mismatch
BI_MonthlyCalendar,B22:H28,H23,"=BI_MonthlyCalendar(,,""DDDD"")",சனிக்கிழமை,Saturday,value_mismatch
BI_MonthlyCalendar,B22:H28,D24,"=BI_MonthlyCalendar(,,""DDDD"")",,1,value_mismatch
BI_MonthlyCalendar,B22:H28,E24,"=BI_MonthlyCalendar(,,""DDDD"")",1,2,value_mismatch
BI_MonthlyCalendar,B22:H28,F24,"=BI_MonthlyCalendar(,,""DDDD"")",2,3,value_mismatch
BI_MonthlyCalendar,B22:H28,G24,"=BI_MonthlyCalendar(,,""DDDD"")",3,4,value_mismatch
BI_MonthlyCalendar,B22:H28,H24,"=BI_MonthlyCalendar(,,""DDDD"")",4,5,value_mismatch
BI_MonthlyCalendar,B22:H28,B25,"=BI_MonthlyCalendar(,,""DDDD"")",5,6,value_mismatch
BI_MonthlyCalendar,B22:H28,C25,"=BI_MonthlyCalendar(,,""DDDD"")",6,7,value_mismatch
BI_MonthlyCalendar,B22:H28,D25,"=BI_MonthlyCalendar(,,""DDDD"")",7,8,value_mismatch
BI_MonthlyCalendar,B22:H28,E25,"=BI_MonthlyCalendar(,,""DDDD"")",8,9,value_mismatch
BI_MonthlyCalendar,B22:H28,F25,"=BI_MonthlyCalendar(,,""DDDD"")",9,10,value_mismatch
BI_MonthlyCalendar,B22:H28,G25,"=BI_MonthlyCalendar(,,""DDDD"")",10,11,value_mismatch
BI_MonthlyCalendar,B22:H28,H25,"=BI_MonthlyCalendar(,,""DDDD"")",11,12,value_mismatch
BI_MonthlyCalendar,B22:H28,B26,"=BI_MonthlyCalendar(,,""DDDD"")",12,13,value_mismatch
BI_MonthlyCalendar,B22:H28,C26,"=BI_MonthlyCalendar(,,""DDDD"")",13,14,value_mismatch
BI_MonthlyCalendar,B22:H28,D26,"=BI_MonthlyCalendar(,,""DDDD"")",14,15,value_mismatch
BI_MonthlyCalendar,B22:H28,E26,"=BI_MonthlyCalendar(,,""DDDD"")",15,16,value_mismatch
BI_MonthlyCalendar,B22:H28,F26,"=BI_MonthlyCalendar(,,""DDDD"")",16,17,value_mismatch
BI_MonthlyCalendar,B22:H28,G26,"=BI_MonthlyCalendar(,,""DDDD"")",17,18,value_mismatch
BI_MonthlyCalendar,B22:H28,H26,"=BI_MonthlyCalendar(,,""DDDD"")",18,19,value_mismatch
BI_MonthlyCalendar,B22:H28,B27,"=BI_MonthlyCalendar(,,""DDDD"")",19,20,value_mismatch
BI_MonthlyCalendar,B22:H28,C27,"=BI_MonthlyCalendar(,,""DDDD"")",20,21,value_mismatch
BI_MonthlyCalendar,B22:H28,D27,"=BI_MonthlyCalendar(,,""DDDD"")",21,22,value_mismatch
BI_MonthlyCalendar,B22:H28,E27,"=BI_MonthlyCalendar(,,""DDDD"")",22,23,value_mismatch
BI_MonthlyCalendar,B22:H28,F27,"=BI_MonthlyCalendar(,,""DDDD"")",23,24,value_mismatch
BI_MonthlyCalendar,B22:H28,G27,"=BI_MonthlyCalendar(,,""DDDD"")",24,25,value_mismatch
BI_MonthlyCalendar,B22:H28,H27,"=BI_MonthlyCalendar(,,""DDDD"")",25,26,value_mismatch
BI_MonthlyCalendar,B22:H28,B28,"=BI_MonthlyCalendar(,,""DDDD"")",26,27,value_mismatch
BI_MonthlyCalendar,B22:H28,C28,"=BI_MonthlyCalendar(,,""DDDD"")",27,28,value_mismatch
BI_MonthlyCalendar,B22:H28,D28,"=BI_MonthlyCalendar(,,""DDDD"")",28,29,value_mismatch
BI_MonthlyCalendar,B22:H28,E28,"=BI_MonthlyCalendar(,,""DDDD"")",29,30,value_mismatch
BI_MonthlyCalendar,B22:H28,F28,"=BI_MonthlyCalendar(,,""DDDD"")",30,31,value_mismatch
BI_MonthlyCalendar,B22:H28,G28,"=BI_MonthlyCalendar(,,""DDDD"")",31,,addin_blank
BI_MonthlyCalendar,B32:G39,B32,"=BI_MonthlyCalendar(,,,TRUE)",ஜூலை,Oct,value_mismatch
BI_MonthlyCalendar,B32:G39,C32,"=BI_MonthlyCalendar(,,,TRUE)",2026,2024,value_mismatch
BI_MonthlyCalendar,B32:G39,B33,"=BI_MonthlyCalendar(,,,TRUE)",ஞாயிறு,Sun,value_mismatch
BI_MonthlyCalendar,B32:G39,D33,"=BI_MonthlyCalendar(,,,TRUE)",5,6,value_mismatch
BI_MonthlyCalendar,B32:G39,E33,"=BI_MonthlyCalendar(,,,TRUE)",12,13,value_mismatch
BI_MonthlyCalendar,B32:G39,F33,"=BI_MonthlyCalendar(,,,TRUE)",19,20,value_mismatch
BI_MonthlyCalendar,B32:G39,G33,"=BI_MonthlyCalendar(,,,TRUE)",26,27,value_mismatch
BI_MonthlyCalendar,B32:G39,B34,"=BI_MonthlyCalendar(,,,TRUE)",திங்கள்,Mon,value_mismatch
BI_MonthlyCalendar,B32:G39,D34,"=BI_MonthlyCalendar(,,,TRUE)",6,7,value_mismatch
BI_MonthlyCalendar,B32:G39,E34,"=BI_MonthlyCalendar(,,,TRUE)",13,14,value_mismatch
BI_MonthlyCalendar,B32:G39,F34,"=BI_MonthlyCalendar(,,,TRUE)",20,21,value_mismatch
BI_MonthlyCalendar,B32:G39,G34,"=BI_MonthlyCalendar(,,,TRUE)",27,28,value_mismatch
BI_MonthlyCalendar,B32:G39,B35,"=BI_MonthlyCalendar(,,,TRUE)",செவ்வாய்,Tue,value_mismatch
BI_MonthlyCalendar,B32:G39,C35,"=BI_MonthlyCalendar(,,,TRUE)",,1,value_mismatch
BI_MonthlyCalendar,B32:G39,D35,"=BI_MonthlyCalendar(,,,TRUE)",7,8,value_mismatch
BI_MonthlyCalendar,B32:G39,E35,"=BI_MonthlyCalendar(,,,TRUE)",14,15,value_mismatch
BI_MonthlyCalendar,B32:G39,F35,"=BI_MonthlyCalendar(,,,TRUE)",21,22,value_mismatch
BI_MonthlyCalendar,B32:G39,G35,"=BI_MonthlyCalendar(,,,TRUE)",28,29,value_mismatch
BI_MonthlyCalendar,B32:G39,B36,"=BI_MonthlyCalendar(,,,TRUE)",புதன்,Wed,value_mismatch
BI_MonthlyCalendar,B32:G39,C36,"=BI_MonthlyCalendar(,,,TRUE)",1,2,value_mismatch
BI_MonthlyCalendar,B32:G39,D36,"=BI_MonthlyCalendar(,,,TRUE)",8,9,value_mismatch
BI_MonthlyCalendar,B32:G39,E36,"=BI_MonthlyCalendar(,,,TRUE)",15,16,value_mismatch
BI_MonthlyCalendar,B32:G39,F36,"=BI_MonthlyCalendar(,,,TRUE)",22,23,value_mismatch
BI_MonthlyCalendar,B32:G39,G36,"=BI_MonthlyCalendar(,,,TRUE)",29,30,value_mismatch
BI_MonthlyCalendar,B32:G39,B37,"=BI_MonthlyCalendar(,,,TRUE)",வியாழன்,Thu,value_mismatch
BI_MonthlyCalendar,B32:G39,C37,"=BI_MonthlyCalendar(,,,TRUE)",2,3,value_mismatch
BI_MonthlyCalendar,B32:G39,D37,"=BI_MonthlyCalendar(,,,TRUE)",9,10,value_mismatch
BI_MonthlyCalendar,B32:G39,E37,"=BI_MonthlyCalendar(,,,TRUE)",16,17,value_mismatch
BI_MonthlyCalendar,B32:G39,F37,"=BI_MonthlyCalendar(,,,TRUE)",23,24,value_mismatch
BI_MonthlyCalendar,B32:G39,G37,"=BI_MonthlyCalendar(,,,TRUE)",30,31,value_mismatch
BI_MonthlyCalendar,B32:G39,B38,"=BI_MonthlyCalendar(,,,TRUE)",வெள்ளி,Fri,value_mismatch
BI_MonthlyCalendar,B32:G39,C38,"=BI_MonthlyCalendar(,,,TRUE)",3,4,value_mismatch
BI_MonthlyCalendar,B32:G39,D38,"=BI_MonthlyCalendar(,,,TRUE)",10,11,value_mismatch
BI_MonthlyCalendar,B32:G39,E38,"=BI_MonthlyCalendar(,,,TRUE)",17,18,value_mismatch
BI_MonthlyCalendar,B32:G39,F38,"=BI_MonthlyCalendar(,,,TRUE)",24,25,value_mismatch
BI_MonthlyCalendar,B32:G39,G38,"=BI_MonthlyCalendar(,,,TRUE)",31,,addin_blank
BI_MonthlyCalendar,B32:G39,B39,"=BI_MonthlyCalendar(,,,TRUE)",சனி,Sat,value_mismatch
BI_MonthlyCalendar,B32:G39,C39,"=BI_MonthlyCalendar(,,,TRUE)",4,5,value_mismatch
BI_MonthlyCalendar,B32:G39,D39,"=BI_MonthlyCalendar(,,,TRUE)",11,12,value_mismatch
BI_MonthlyCalendar,B32:G39,E39,"=BI_MonthlyCalendar(,,,TRUE)",18,19,value_mismatch
BI_MonthlyCalendar,B32:G39,F39,"=BI_MonthlyCalendar(,,,TRUE)",25,26,value_mismatch
BI_MovingAverage,C12:C31,C14,=BI_MovingAverage(_xlfn.ANCHORARRAY(B12)),1840,1504.666666666667,value_mismatch
BI_MovingAverage,C12:C31,C15,=BI_MovingAverage(_xlfn.ANCHORARRAY(B12)),1802.3333333333333,1461.333333333333,value_mismatch
BI_MovingAverage,C12:C31,C16,=BI_MovingAverage(_xlfn.ANCHORARRAY(B12)),1554.3333333333333,1396,value_mismatch
BI_MovingAverage,C12:C31,C17,=BI_MovingAverage(_xlfn.ANCHORARRAY(B12)),1321.6666666666667,1509.333333333333,value_mismatch
BI_MovingAverage,C12:C31,C18,=BI_MovingAverage(_xlfn.ANCHORARRAY(B12)),1259.6666666666667,1656.666666666667,value_mismatch
BI_MovingAverage,C12:C31,C19,=BI_MovingAverage(_xlfn.ANCHORARRAY(B12)),1456.3333333333333,1800.333333333333,value_mismatch
BI_MovingAverage,C12:C31,C20,=BI_MovingAverage(_xlfn.ANCHORARRAY(B12)),1604.3333333333333,1580.333333333333,value_mismatch
BI_MovingAverage,C12:C31,C21,=BI_MovingAverage(_xlfn.ANCHORARRAY(B12)),1625,1648.333333333333,value_mismatch
BI_MovingAverage,C12:C31,C22,=BI_MovingAverage(_xlfn.ANCHORARRAY(B12)),1611,1478.666666666667,value_mismatch
BI_MovingAverage,C12:C31,C23,=BI_MovingAverage(_xlfn.ANCHORARRAY(B12)),1672.6666666666667,1568.333333333333,value_mismatch
BI_MovingAverage,C12:C31,C24,=BI_MovingAverage(_xlfn.ANCHORARRAY(B12)),1544.3333333333333,1472.666666666667,value_mismatch
BI_MovingAverage,C12:C31,C25,=BI_MovingAverage(_xlfn.ANCHORARRAY(B12)),1515.6666666666667,1548.666666666667,value_mismatch
BI_MovingAverage,C12:C31,C26,=BI_MovingAverage(_xlfn.ANCHORARRAY(B12)),1273.6666666666667,1495,value_mismatch
BI_MovingAverage,C12:C31,C27,=BI_MovingAverage(_xlfn.ANCHORARRAY(B12)),1544,1586.333333333333,value_mismatch
BI_MovingAverage,C12:C31,C28,=BI_MovingAverage(_xlfn.ANCHORARRAY(B12)),1356,1426.666666666667,value_mismatch
BI_MovingAverage,C12:C31,C29,=BI_MovingAverage(_xlfn.ANCHORARRAY(B12)),1520,1492.666666666667,value_mismatch
BI_MovingAverage,C12:C31,C30,=BI_MovingAverage(_xlfn.ANCHORARRAY(B12)),1484.6666666666667,1329.333333333333,value_mismatch
BI_MovingAverage,C12:C31,C31,=BI_MovingAverage(_xlfn.ANCHORARRAY(B12)),1754.3333333333333,1329,value_mismatch
BI_MovingAverage,D12:E31,D16,"=BI_MovingAverage(_xlfn.ANCHORARRAY(B12),5,,TRUE)",1662.2,1448.4,value_mismatch
BI_MovingAverage,D12:E31,D17,"=BI_MovingAverage(_xlfn.ANCHORARRAY(B12),5,,TRUE)",1553.2,1544.2,value_mismatch
BI_MovingAverage,D12:E31,D18,"=BI_MovingAverage(_xlfn.ANCHORARRAY(B12),5,,TRUE)",1451.4,1524.2,value_mismatch
BI_MovingAverage,D12:E31,D19,"=BI_MovingAverage(_xlfn.ANCHORARRAY(B12),5,,TRUE)",1432,1625.8,value_mismatch
BI_MovingAverage,D12:E31,D20,"=BI_MovingAverage(_xlfn.ANCHORARRAY(B12),5,,TRUE)",1434.4,1615.6,value_mismatch
BI_MovingAverage,D12:E31,E20,"=BI_MovingAverage(_xlfn.ANCHORARRAY(B12),5,,TRUE)",323.6839198971738,292.7173517234672,value_mismatch
BI_MovingAverage,D12:E31,D21,"=BI_MovingAverage(_xlfn.ANCHORARRAY(B12),5,,TRUE)",1493.8,1675.6,value_mismatch
BI_MovingAverage,D12:E31,E21,"=BI_MovingAverage(_xlfn.ANCHORARRAY(B12),5,,TRUE)",243.4238279215903,298.8702862447186,value_mismatch
BI_MovingAverage,D12:E31,D22,"=BI_MovingAverage(_xlfn.ANCHORARRAY(B12),5,,TRUE)",1605.6,1607.4,value_mismatch
BI_MovingAverage,D12:E31,E22,"=BI_MovingAverage(_xlfn.ANCHORARRAY(B12),5,,TRUE)",183.6920901944338,283.9739988097502,value_mismatch
BI_MovingAverage,D12:E31,D23,"=BI_MovingAverage(_xlfn.ANCHORARRAY(B12),5,,TRUE)",1682.2,1562.6,value_mismatch
BI_MovingAverage,D12:E31,E23,"=BI_MovingAverage(_xlfn.ANCHORARRAY(B12),5,,TRUE)",190.95580640556597,288.0839044445211,value_mismatch
BI_MovingAverage,D12:E31,D24,"=BI_MovingAverage(_xlfn.ANCHORARRAY(B12),5,,TRUE)",1546.6,1479,value_mismatch
BI_MovingAverage,D12:E31,E24,"=BI_MovingAverage(_xlfn.ANCHORARRAY(B12),5,,TRUE)",231.0029263883901,246.1307944975598,value_mismatch
BI_MovingAverage,D12:E31,D25,"=BI_MovingAverage(_xlfn.ANCHORARRAY(B12),5,,TRUE)",1552.4,1588.4,value_mismatch
BI_MovingAverage,D12:E31,E25,"=BI_MovingAverage(_xlfn.ANCHORARRAY(B12),5,,TRUE)",220.02361691418486,131.4750470621707,value_mismatch
BI_MovingAverage,D12:E31,D26,"=BI_MovingAverage(_xlfn.ANCHORARRAY(B12),5,,TRUE)",1471.4,1470.6,value_mismatch
BI_MovingAverage,D12:E31,E26,"=BI_MovingAverage(_xlfn.ANCHORARRAY(B12),5,,TRUE)",281.9447037984576,148.2762556851231,value_mismatch
BI_MovingAverage,D12:E31,D27,"=BI_MovingAverage(_xlfn.ANCHORARRAY(B12),5,,TRUE)",1506.4,1543.6,value_mismatch
BI_MovingAverage,D12:E31,E27,"=BI_MovingAverage(_xlfn.ANCHORARRAY(B12),5,,TRUE)",329.39820278805405,182.4997753423274,value_mismatch
BI_MovingAverage,D12:E31,D28,"=BI_MovingAverage(_xlfn.ANCHORARRAY(B12),5,,TRUE)",1362.4,1503.4,value_mismatch
BI_MovingAverage,D12:E31,E28,"=BI_MovingAverage(_xlfn.ANCHORARRAY(B12),5,,TRUE)",348.1343418854279,214.5688887047701,value_mismatch
BI_MovingAverage,D12:E31,D29,"=BI_MovingAverage(_xlfn.ANCHORARRAY(B12),5,,TRUE)",1456.8,1482.6,value_mismatch
BI_MovingAverage,D12:E31,E29,"=BI_MovingAverage(_xlfn.ANCHORARRAY(B12),5,,TRUE)",288.59531527729274,212.8368389165748,value_mismatch
BI_MovingAverage,D12:E31,D30,"=BI_MovingAverage(_xlfn.ANCHORARRAY(B12),5,,TRUE)",1487.8,1412,value_mismatch
BI_MovingAverage,D12:E31,E30,"=BI_MovingAverage(_xlfn.ANCHORARRAY(B12),5,,TRUE)",318.1850907883649,211.1206479717226,value_mismatch
BI_MovingAverage,D12:E31,D31,"=BI_MovingAverage(_xlfn.ANCHORARRAY(B12),5,,TRUE)",1650.8,1403.8,value_mismatch
BI_MovingAverage,D12:E31,E31,"=BI_MovingAverage(_xlfn.ANCHORARRAY(B12),5,,TRUE)",285.94924025078296,205.9316002948552,value_mismatch
BI_Quarter,B15,B15,=BI_Quarter(),2,3,value_mismatch
BI_QuarterEnd,B12,B12,=BI_QuarterEnd(),2026-09-30 00:00:00,2024-12-31 00:00:00,value_mismatch
BI_QuarterEnd,B14,B14,"=BI_QuarterEnd(,10)",2026-07-31 00:00:00,2024-10-31 00:00:00,value_mismatch
BI_QuarterStart,B12,B12,=BI_QuarterStart(),2026-07-01 00:00:00,2024-10-01 00:00:00,value_mismatch
BI_QuarterStart,B14,B14,"=BI_QuarterStart(,10)",2026-05-01 00:00:00,2024-08-01 00:00:00,value_mismatch
BI_Regression,B34:J75,C37,"=BI_Regression(B12:B32,C12:E32,TRUE,0.9)",0.5549475271967054,0.1163182578867048,value_mismatch
BI_Regression,B34:J75,C38,"=BI_Regression(B12:B32,C12:E32,TRUE,0.9)",0.307966757941738,0.01352993711779796,value_mismatch
BI_Regression,B34:J75,C39,"=BI_Regression(B12:B32,C12:E32,TRUE,0.9)",0.17821052505581392,-0.1714331996726151,value_mismatch
BI_Regression,B34:J75,C40,"=BI_Regression(B12:B32,C12:E32,TRUE,0.9)",50.97979492863157,66.29501730383599,value_mismatch
BI_Regression,B34:J75,D45,"=BI_Regression(B12:B32,C12:E32,TRUE,0.9)",18505.168144554744,964.4808909453714,value_mismatch
BI_Regression,B34:J75,E45,"=BI_Regression(B12:B32,C12:E32,TRUE,0.9)",6168.389381518248,321.4936303151238,value_mismatch
BI_Regression,B34:J75,F45,"=BI_Regression(B12:B32,C12:E32,TRUE,0.9)",2.3734255464436043,0.07314937101834038,value_mismatch
BI_Regression,B34:J75,G45,"=BI_Regression(B12:B32,C12:E32,TRUE,0.9)",0.10855037374931081,0.9735255650070107,value_mismatch
BI_Regression,B34:J75,D46,"=BI_Regression(B12:B32,C12:E32,TRUE,0.9)",41583.03185544526,70320.46910905463,value_mismatch
BI_Regression,B34:J75,E46,"=BI_Regression(B12:B32,C12:E32,TRUE,0.9)",2598.939490965329,4395.029319315914,value_mismatch
BI_Regression,B34:J75,D47,"=BI_Regression(B12:B32,C12:E32,TRUE,0.9)",60088.200000000004,71284.95,value_mismatch
BI_Regression,B34:J75,C50,"=BI_Regression(B12:B32,C12:E32,TRUE,0.9)",742.6528813032362,950.1382535595903,value_mismatch
BI_Regression,B34:J75,D50,"=BI_Regression(B12:B32,C12:E32,TRUE,0.9)",288.71196209031353,621.7999294362353,value_mismatch
BI_Regression,B34:J75,E50,"=BI_Regression(B12:B32,C12:E32,TRUE,0.9)",2.572296886926088,1.528044968453194,value_mismatch
BI_Regression,B34:J75,F50,"=BI_Regression(B12:B32,C12:E32,TRUE,0.9)",0.02045885680954617,0.1460280817860015,value_mismatch
BI_Regression,B34:J75,G50,"=BI_Regression(B12:B32,C12:E32,TRUE,0.9)",238.5953795440701,-135.4520931528573,value_mismatch
BI_Regression,B34:J75,H50,"=BI_Regression(B12:B32,C12:E32,TRUE,0.9)",1246.7103830624023,2035.728600272038,value_mismatch
BI_Regression,B34:J75,I50,"=BI_Regression(B12:B32,C12:E32,TRUE,0.9)",238.5953795440701,-135.4520931528573,value_mismatch
BI_Regression,B34:J75,J50,"=BI_Regression(B12:B32,C12:E32,TRUE,0.9)",1246.7103830624023,2035.728600272038,value_mismatch
BI_Regression,B34:J75,C51,"=BI_Regression(B12:B32,C12:E32,TRUE,0.9)",-0.030222451060574466,0.1105744121880853,value_mismatch
BI_Regression,B34:J75,D51,"=BI_Regression(B12:B32,C12:E32,TRUE,0.9)",0.2277441107947143,0.2803906842861308,value_mismatch
BI_Regression,B34:J75,E51,"=BI_Regression(B12:B32,C12:E32,TRUE,0.9)",-0.13270354590120054,0.3943583663259196,value_mismatch
BI_Regression,B34:J75,F51,"=BI_Regression(B12:B32,C12:E32,TRUE,0.9)",#NUM!,0.698523124456487,value_mismatch
BI_Regression,B34:J75,G51,"=BI_Regression(B12:B32,C12:E32,TRUE,0.9)",-0.427837176465116,-0.3789551064869984,value_mismatch
BI_Regression,B34:J75,H51,"=BI_Regression(B12:B32,C12:E32,TRUE,0.9)",0.36739227434396704,0.6001039308631689,value_mismatch
BI_Regression,B34:J75,I51,"=BI_Regression(B12:B32,C12:E32,TRUE,0.9)",-0.427837176465116,-0.3789551064869984,value_mismatch
BI_Regression,B34:J75,J51,"=BI_Regression(B12:B32,C12:E32,TRUE,0.9)",0.36739227434396704,0.6001039308631689,value_mismatch
BI_Regression,B34:J75,C52,"=BI_Regression(B12:B32,C12:E32,TRUE,0.9)",0.5850438637412578,-0.05085738194683206,value_mismatch
BI_Regression,B34:J75,D52,"=BI_Regression(B12:B32,C12:E32,TRUE,0.9)",0.22004714761973468,0.3267486784082243,value_mismatch
BI_Regression,B34:J75,E52,"=BI_Regression(B12:B32,C12:E32,TRUE,0.9)",2.6587205063538337,-0.155646786988051,value_mismatch
BI_Regression,B34:J75,F52,"=BI_Regression(B12:B32,C12:E32,TRUE,0.9)",0.01716107011035552,#NUM!,addin_error
BI_Regression,B34:J75,G52,"=BI_Regression(B12:B32,C12:E32,TRUE,0.9)",0.20086714070081263,-0.6213225658245891,value_mismatch
BI_Regression,B34:J75,H52,"=BI_Regression(B12:B32,C12:E32,TRUE,0.9)",0.969220586781703,0.5196078019309249,value_mismatch
BI_Regression,B34:J75,I52,"=BI_Regression(B12:B32,C12:E32,TRUE,0.9)",0.20086714070081263,-0.6213225658245891,value_mismatch
BI_Regression,B34:J75,J52,"=BI_Regression(B12:B32,C12:E32,TRUE,0.9)",0.969220586781703,0.5196078019309249,value_mismatch
BI_Regression,B34:J75,C53,"=BI_Regression(B12:B32,C12:E32,TRUE,0.9)",-0.23958649848049401,0.0670740974138593,value_mismatch
BI_Regression,B34:J75,D53,"=BI_Regression(B12:B32,C12:E32,TRUE,0.9)",0.22865189429275626,0.2788730862311044,value_mismatch
BI_Regression,B34:J75,E53,"=BI_Regression(B12:B32,C12:E32,TRUE,0.9)",-1.0478220581620792,0.2405183602345708,value_mismatch
BI_Regression,B34:J75,F53,"=BI_Regression(B12:B32,C12:E32,TRUE,0.9)",#NUM!,0.8129831067780872,value_mismatch
BI_Regression,B34:J75,G53,"=BI_Regression(B12:B32,C12:E32,TRUE,0.9)",-0.6387861082758599,-0.4198058715898051,value_mismatch
BI_Regression,B34:J75,H53,"=BI_Regression(B12:B32,C12:E32,TRUE,0.9)",0.15961311131487194,0.5539540664175238,value_mismatch
BI_Regression,B34:J75,I53,"=BI_Regression(B12:B32,C12:E32,TRUE,0.9)",-0.6387861082758599,-0.4198058715898051,value_mismatch
BI_Regression,B34:J75,J53,"=BI_Regression(B12:B32,C12:E32,TRUE,0.9)",0.15961311131487194,0.5539540664175238,value_mismatch
BI_Regression,B34:J75,C56,"=BI_Regression(B12:B32,C12:E32,TRUE,0.9)",1122.0273355741547,1083.691430384582,value_mismatch
BI_Regression,B34:J75,D56,"=BI_Regression(B12:B32,C12:E32,TRUE,0.9)",58.97266442584532,-45.69143038458219,value_mismatch
BI_Regression,B34:J75,C57,"=BI_Regression(B12:B32,C12:E32,TRUE,0.9)",1040.7242251858386,1095.005208756295,value_mismatch
BI_Regression,B34:J75,D57,"=BI_Regression(B12:B32,C12:E32,TRUE,0.9)",20.275774814161423,94.99479124370532,value_mismatch
BI_Regression,B34:J75,C58,"=BI_Regression(B12:B32,C12:E32,TRUE,0.9)",1092.1269866507387,1076.74314825787,value_mismatch
BI_Regression,B34:J75,D58,"=BI_Regression(B12:B32,C12:E32,TRUE,0.9)",-43.12698665073867,6.256851742130493,value_mismatch
BI_Regression,B34:J75,C59,"=BI_Regression(B12:B32,C12:E32,TRUE,0.9)",1135.9984689769676,1082.274203543024,value_mismatch
BI_Regression,B34:J75,D59,"=BI_Regression(B12:B32,C12:E32,TRUE,0.9)",27.001531023032385,35.72579645697601,value_mismatch
BI_Regression,B34:J75,C60,"=BI_Regression(B12:B32,C12:E32,TRUE,0.9)",1101.1277876999197,1087.483380704376,value_mismatch
BI_Regression,B34:J75,D60,"=BI_Regression(B12:B32,C12:E32,TRUE,0.9)",69.87221230008026,-61.48338070437558,value_mismatch
BI_Regression,B34:J75,C61,"=BI_Regression(B12:B32,C12:E32,TRUE,0.9)",1025.6608964170453,1091.19767068376,value_mismatch
BI_Regression,B34:J75,D61,"=BI_Regression(B12:B32,C12:E32,TRUE,0.9)",-15.660896417045251,6.802329316240048,value_mismatch
BI_Regression,B34:J75,C62,"=BI_Regression(B12:B32,C12:E32,TRUE,0.9)",1136.9410722449536,1086.000549332535,value_mismatch
BI_Regression,B34:J75,D62,"=BI_Regression(B12:B32,C12:E32,TRUE,0.9)",8.058927755046398,72.99945066746545,value_mismatch
BI_Regression,B34:J75,C63,"=BI_Regression(B12:B32,C12:E32,TRUE,0.9)",1085.6680456046731,1088.882670005464,value_mismatch
BI_Regression,B34:J75,D63,"=BI_Regression(B12:B32,C12:E32,TRUE,0.9)",24.331954395326875,53.11732999453557,value_mismatch
BI_Regression,B34:J75,C64,"=BI_Regression(B12:B32,C12:E32,TRUE,0.9)",1050.7057668652506,1072.951967466542,value_mismatch
BI_Regression,B34:J75,D64,"=BI_Regression(B12:B32,C12:E32,TRUE,0.9)",-21.705766865250553,-24.95196746654187,value_mismatch
BI_Regression,B34:J75,C65,"=BI_Regression(B12:B32,C12:E32,TRUE,0.9)",1117.336240010047,1084.024015267947,value_mismatch
BI_Regression,B34:J75,D65,"=BI_Regression(B12:B32,C12:E32,TRUE,0.9)",31.66375998995295,-78.02401526794665,value_mismatch
BI_Regression,B34:J75,C66,"=BI_Regression(B12:B32,C12:E32,TRUE,0.9)",1070.6087629948115,1081.561481261869,value_mismatch
BI_Regression,B34:J75,D66,"=BI_Regression(B12:B32,C12:E32,TRUE,0.9)",43.391237005188486,-11.56148126186918,value_mismatch
BI_Regression,B34:J75,C67,"=BI_Regression(B12:B32,C12:E32,TRUE,0.9)",1081.8238298193228,1090.468949098516,value_mismatch
BI_Regression,B34:J75,D67,"=BI_Regression(B12:B32,C12:E32,TRUE,0.9)",4.176170180677218,40.53105090148438,value_mismatch
BI_Regression,B34:J75,C68,"=BI_Regression(B12:B32,C12:E32,TRUE,0.9)",1100.1105563175481,1083.98336312304,value_mismatch
BI_Regression,B34:J75,D68,"=BI_Regression(B12:B32,C12:E32,TRUE,0.9)",-90.11055631754812,-72.98336312303991,value_mismatch
BI_Regression,B34:J75,C69,"=BI_Regression(B12:B32,C12:E32,TRUE,0.9)",1039.244019781148,1089.488311433661,value_mismatch
BI_Regression,B34:J75,D69,"=BI_Regression(B12:B32,C12:E32,TRUE,0.9)",22.755980218852073,70.51168856633944,value_mismatch
BI_Regression,B34:J75,C70,"=BI_Regression(B12:B32,C12:E32,TRUE,0.9)",1085.473190373574,1099.421505586777,value_mismatch
BI_Regression,B34:J75,D70,"=BI_Regression(B12:B32,C12:E32,TRUE,0.9)",32.52680962642603,13.57849441322332,value_mismatch
BI_Regression,B34:J75,C71,"=BI_Regression(B12:B32,C12:E32,TRUE,0.9)",1086.385787835437,1086.290352835024,value_mismatch
BI_Regression,B34:J75,D71,"=BI_Regression(B12:B32,C12:E32,TRUE,0.9)",43.614212164563014,-78.2903528350239,value_mismatch
BI_Regression,B34:J75,C72,"=BI_Regression(B12:B32,C12:E32,TRUE,0.9)",1109.3718183442102,1096.004750259371,value_mismatch
BI_Regression,B34:J75,D72,"=BI_Regression(B12:B32,C12:E32,TRUE,0.9)",-40.37181834421017,-50.00475025937135,value_mismatch
BI_Regression,B34:J75,C73,"=BI_Regression(B12:B32,C12:E32,TRUE,0.9)",1106.3821297680856,1098.72513597107,value_mismatch
BI_Regression,B34:J75,D73,"=BI_Regression(B12:B32,C12:E32,TRUE,0.9)",-18.382129768085633,-29.72513597107036,value_mismatch
BI_Regression,B34:J75,C74,"=BI_Regression(B12:B32,C12:E32,TRUE,0.9)",1089.1852935891125,1089.613548231688,value_mismatch
BI_Regression,B34:J75,D74,"=BI_Regression(B12:B32,C12:E32,TRUE,0.9)",-76.18529358911246,-59.61354823168767,value_mismatch
BI_Regression,B34:J75,C75,"=BI_Regression(B12:B32,C12:E32,TRUE,0.9)",1109.0977859471632,1077.188357796592,value_mismatch
BI_Regression,B34:J75,D75,"=BI_Regression(B12:B32,C12:E32,TRUE,0.9)",-81.09778594716317,117.8116422034084,value_mismatch
BI_YearlyCalendar,B12:H108,B12,=BI_YearlyCalendar(),ஜனவரி,Jan,value_mismatch
BI_YearlyCalendar,B12:H108,C12,=BI_YearlyCalendar(),2026,2024,value_mismatch
BI_YearlyCalendar,B12:H108,B13,=BI_YearlyCalendar(),ஞாயிறு,Sun,value_mismatch
BI_YearlyCalendar,B12:H108,C13,=BI_YearlyCalendar(),திங்கள்,Mon,value_mismatch
BI_YearlyCalendar,B12:H108,D13,=BI_YearlyCalendar(),செவ்வாய்,Tue,value_mismatch
BI_YearlyCalendar,B12:H108,E13,=BI_YearlyCalendar(),புதன்,Wed,value_mismatch
BI_YearlyCalendar,B12:H108,F13,=BI_YearlyCalendar(),வியாழன்,Thu,value_mismatch
BI_YearlyCalendar,B12:H108,G13,=BI_YearlyCalendar(),வெள்ளி,Fri,value_mismatch
BI_YearlyCalendar,B12:H108,H13,=BI_YearlyCalendar(),சனி,Sat,value_mismatch
BI_YearlyCalendar,B12:H108,C14,=BI_YearlyCalendar(),,1,value_mismatch
BI_YearlyCalendar,B12:H108,D14,=BI_YearlyCalendar(),,2,value_mismatch
BI_YearlyCalendar,B12:H108,E14,=BI_YearlyCalendar(),,3,value_mismatch
BI_YearlyCalendar,B12:H108,F14,=BI_YearlyCalendar(),1,4,value_mismatch
BI_YearlyCalendar,B12:H108,G14,=BI_YearlyCalendar(),2,5,value_mismatch
BI_YearlyCalendar,B12:H108,H14,=BI_YearlyCalendar(),3,6,value_mismatch
BI_YearlyCalendar,B12:H108,B15,=BI_YearlyCalendar(),4,7,value_mismatch
BI_YearlyCalendar,B12:H108,C15,=BI_YearlyCalendar(),5,8,value_mismatch
BI_YearlyCalendar,B12:H108,D15,=BI_YearlyCalendar(),6,9,value_mismatch
BI_YearlyCalendar,B12:H108,E15,=BI_YearlyCalendar(),7,10,value_mismatch
BI_YearlyCalendar,B12:H108,F15,=BI_YearlyCalendar(),8,11,value_mismatch
BI_YearlyCalendar,B12:H108,G15,=BI_YearlyCalendar(),9,12,value_mismatch
BI_YearlyCalendar,B12:H108,H15,=BI_YearlyCalendar(),10,13,value_mismatch
BI_YearlyCalendar,B12:H108,B16,=BI_YearlyCalendar(),11,14,value_mismatch
BI_YearlyCalendar,B12:H108,C16,=BI_YearlyCalendar(),12,15,value_mismatch
BI_YearlyCalendar,B12:H108,D16,=BI_YearlyCalendar(),13,16,value_mismatch
BI_YearlyCalendar,B12:H108,E16,=BI_YearlyCalendar(),14,17,value_mismatch
BI_YearlyCalendar,B12:H108,F16,=BI_YearlyCalendar(),15,18,value_mismatch
BI_YearlyCalendar,B12:H108,G16,=BI_YearlyCalendar(),16,19,value_mismatch
BI_YearlyCalendar,B12:H108,H16,=BI_YearlyCalendar(),17,20,value_mismatch
BI_YearlyCalendar,B12:H108,B17,=BI_YearlyCalendar(),18,21,value_mismatch
BI_YearlyCalendar,B12:H108,C17,=BI_YearlyCalendar(),19,22,value_mismatch
BI_YearlyCalendar,B12:H108,D17,=BI_YearlyCalendar(),20,23,value_mismatch
BI_YearlyCalendar,B12:H108,E17,=BI_YearlyCalendar(),21,24,value_mismatch
BI_YearlyCalendar,B12:H108,F17,=BI_YearlyCalendar(),22,25,value_mismatch
BI_YearlyCalendar,B12:H108,G17,=BI_YearlyCalendar(),23,26,value_mismatch
BI_YearlyCalendar,B12:H108,H17,=BI_YearlyCalendar(),24,27,value_mismatch
BI_YearlyCalendar,B12:H108,B18,=BI_YearlyCalendar(),25,28,value_mismatch
BI_YearlyCalendar,B12:H108,C18,=BI_YearlyCalendar(),26,29,value_mismatch
BI_YearlyCalendar,B12:H108,D18,=BI_YearlyCalendar(),27,30,value_mismatch
BI_YearlyCalendar,B12:H108,E18,=BI_YearlyCalendar(),28,31,value_mismatch
BI_YearlyCalendar,B12:H108,F18,=BI_YearlyCalendar(),29,,addin_blank
BI_YearlyCalendar,B12:H108,G18,=BI_YearlyCalendar(),30,,addin_blank
BI_YearlyCalendar,B12:H108,H18,=BI_YearlyCalendar(),31,,addin_blank
BI_YearlyCalendar,B12:H108,B20,=BI_YearlyCalendar(),பிப்ரவரி,Feb,value_mismatch
BI_YearlyCalendar,B12:H108,C20,=BI_YearlyCalendar(),2026,2024,value_mismatch
BI_YearlyCalendar,B12:H108,B21,=BI_YearlyCalendar(),ஞாயிறு,Sun,value_mismatch
BI_YearlyCalendar,B12:H108,C21,=BI_YearlyCalendar(),திங்கள்,Mon,value_mismatch
BI_YearlyCalendar,B12:H108,D21,=BI_YearlyCalendar(),செவ்வாய்,Tue,value_mismatch
BI_YearlyCalendar,B12:H108,E21,=BI_YearlyCalendar(),புதன்,Wed,value_mismatch
BI_YearlyCalendar,B12:H108,F21,=BI_YearlyCalendar(),வியாழன்,Thu,value_mismatch
BI_YearlyCalendar,B12:H108,G21,=BI_YearlyCalendar(),வெள்ளி,Fri,value_mismatch
BI_YearlyCalendar,B12:H108,H21,=BI_YearlyCalendar(),சனி,Sat,value_mismatch
BI_YearlyCalendar,B12:H108,B22,=BI_YearlyCalendar(),1,,addin_blank
BI_YearlyCalendar,B12:H108,C22,=BI_YearlyCalendar(),2,,addin_blank
BI_YearlyCalendar,B12:H108,D22,=BI_YearlyCalendar(),3,,addin_blank
BI_YearlyCalendar,B12:H108,E22,=BI_YearlyCalendar(),4,,addin_blank
BI_YearlyCalendar,B12:H108,F22,=BI_YearlyCalendar(),5,1,value_mismatch
BI_YearlyCalendar,B12:H108,G22,=BI_YearlyCalendar(),6,2,value_mismatch
BI_YearlyCalendar,B12:H108,H22,=BI_YearlyCalendar(),7,3,value_mismatch
BI_YearlyCalendar,B12:H108,B23,=BI_YearlyCalendar(),8,4,value_mismatch
BI_YearlyCalendar,B12:H108,C23,=BI_YearlyCalendar(),9,5,value_mismatch
BI_YearlyCalendar,B12:H108,D23,=BI_YearlyCalendar(),10,6,value_mismatch
BI_YearlyCalendar,B12:H108,E23,=BI_YearlyCalendar(),11,7,value_mismatch
BI_YearlyCalendar,B12:H108,F23,=BI_YearlyCalendar(),12,8,value_mismatch
BI_YearlyCalendar,B12:H108,G23,=BI_YearlyCalendar(),13,9,value_mismatch
BI_YearlyCalendar,B12:H108,H23,=BI_YearlyCalendar(),14,10,value_mismatch
BI_YearlyCalendar,B12:H108,B24,=BI_YearlyCalendar(),15,11,value_mismatch
BI_YearlyCalendar,B12:H108,C24,=BI_YearlyCalendar(),16,12,value_mismatch
BI_YearlyCalendar,B12:H108,D24,=BI_YearlyCalendar(),17,13,value_mismatch
BI_YearlyCalendar,B12:H108,E24,=BI_YearlyCalendar(),18,14,value_mismatch
BI_YearlyCalendar,B12:H108,F24,=BI_YearlyCalendar(),19,15,value_mismatch
BI_YearlyCalendar,B12:H108,G24,=BI_YearlyCalendar(),20,16,value_mismatch
BI_YearlyCalendar,B12:H108,H24,=BI_YearlyCalendar(),21,17,value_mismatch
BI_YearlyCalendar,B12:H108,B25,=BI_YearlyCalendar(),22,18,value_mismatch
BI_YearlyCalendar,B12:H108,C25,=BI_YearlyCalendar(),23,19,value_mismatch
BI_YearlyCalendar,B12:H108,D25,=BI_YearlyCalendar(),24,20,value_mismatch
BI_YearlyCalendar,B12:H108,E25,=BI_YearlyCalendar(),25,21,value_mismatch
BI_YearlyCalendar,B12:H108,F25,=BI_YearlyCalendar(),26,22,value_mismatch
BI_YearlyCalendar,B12:H108,G25,=BI_YearlyCalendar(),27,23,value_mismatch
BI_YearlyCalendar,B12:H108,H25,=BI_YearlyCalendar(),28,24,value_mismatch
BI_YearlyCalendar,B12:H108,B26,=BI_YearlyCalendar(),,25,value_mismatch
BI_YearlyCalendar,B12:H108,C26,=BI_YearlyCalendar(),,26,value_mismatch
BI_YearlyCalendar,B12:H108,D26,=BI_YearlyCalendar(),,27,value_mismatch
BI_YearlyCalendar,B12:H108,E26,=BI_YearlyCalendar(),,28,value_mismatch
BI_YearlyCalendar,B12:H108,F26,=BI_YearlyCalendar(),,29,value_mismatch
BI_YearlyCalendar,B12:H108,B27,=BI_YearlyCalendar(),மார்ச்,,addin_blank
BI_YearlyCalendar,B12:H108,C27,=BI_YearlyCalendar(),2026,,addin_blank
BI_YearlyCalendar,B12:H108,B28,=BI_YearlyCalendar(),ஞாயிறு,Mar,value_mismatch
BI_YearlyCalendar,B12:H108,C28,=BI_YearlyCalendar(),திங்கள்,2024,value_mismatch
BI_YearlyCalendar,B12:H108,D28,=BI_YearlyCalendar(),செவ்வாய்,,addin_blank
BI_YearlyCalendar,B12:H108,E28,=BI_YearlyCalendar(),புதன்,,addin_blank
BI_YearlyCalendar,B12:H108,F28,=BI_YearlyCalendar(),வியாழன்,,addin_blank
BI_YearlyCalendar,B12:H108,G28,=BI_YearlyCalendar(),வெள்ளி,,addin_blank
BI_YearlyCalendar,B12:H108,H28,=BI_YearlyCalendar(),சனி,,addin_blank
BI_YearlyCalendar,B12:H108,B29,=BI_YearlyCalendar(),1,Sun,value_mismatch
BI_YearlyCalendar,B12:H108,C29,=BI_YearlyCalendar(),2,Mon,value_mismatch
BI_YearlyCalendar,B12:H108,D29,=BI_YearlyCalendar(),3,Tue,value_mismatch
BI_YearlyCalendar,B12:H108,E29,=BI_YearlyCalendar(),4,Wed,value_mismatch
BI_YearlyCalendar,B12:H108,F29,=BI_YearlyCalendar(),5,Thu,value_mismatch
BI_YearlyCalendar,B12:H108,G29,=BI_YearlyCalendar(),6,Fri,value_mismatch
BI_YearlyCalendar,B12:H108,H29,=BI_YearlyCalendar(),7,Sat,value_mismatch
BI_YearlyCalendar,B12:H108,B30,=BI_YearlyCalendar(),8,,addin_blank
BI_YearlyCalendar,B12:H108,C30,=BI_YearlyCalendar(),9,,addin_blank
BI_YearlyCalendar,B12:H108,D30,=BI_YearlyCalendar(),10,,addin_blank
BI_YearlyCalendar,B12:H108,E30,=BI_YearlyCalendar(),11,,addin_blank
BI_YearlyCalendar,B12:H108,F30,=BI_YearlyCalendar(),12,,addin_blank
BI_YearlyCalendar,B12:H108,G30,=BI_YearlyCalendar(),13,1,value_mismatch
BI_YearlyCalendar,B12:H108,H30,=BI_YearlyCalendar(),14,2,value_mismatch
BI_YearlyCalendar,B12:H108,B31,=BI_YearlyCalendar(),15,3,value_mismatch
BI_YearlyCalendar,B12:H108,C31,=BI_YearlyCalendar(),16,4,value_mismatch
BI_YearlyCalendar,B12:H108,D31,=BI_YearlyCalendar(),17,5,value_mismatch
BI_YearlyCalendar,B12:H108,E31,=BI_YearlyCalendar(),18,6,value_mismatch
BI_YearlyCalendar,B12:H108,F31,=BI_YearlyCalendar(),19,7,value_mismatch
BI_YearlyCalendar,B12:H108,G31,=BI_YearlyCalendar(),20,8,value_mismatch
BI_YearlyCalendar,B12:H108,H31,=BI_YearlyCalendar(),21,9,value_mismatch
BI_YearlyCalendar,B12:H108,B32,=BI_YearlyCalendar(),22,10,value_mismatch
BI_YearlyCalendar,B12:H108,C32,=BI_YearlyCalendar(),23,11,value_mismatch
BI_YearlyCalendar,B12:H108,D32,=BI_YearlyCalendar(),24,12,value_mismatch
BI_YearlyCalendar,B12:H108,E32,=BI_YearlyCalendar(),25,13,value_mismatch
BI_YearlyCalendar,B12:H108,F32,=BI_YearlyCalendar(),26,14,value_mismatch
BI_YearlyCalendar,B12:H108,G32,=BI_YearlyCalendar(),27,15,value_mismatch
BI_YearlyCalendar,B12:H108,H32,=BI_YearlyCalendar(),28,16,value_mismatch
BI_YearlyCalendar,B12:H108,B33,=BI_YearlyCalendar(),29,17,value_mismatch
BI_YearlyCalendar,B12:H108,C33,=BI_YearlyCalendar(),30,18,value_mismatch
BI_YearlyCalendar,B12:H108,D33,=BI_YearlyCalendar(),31,19,value_mismatch
BI_YearlyCalendar,B12:H108,E33,=BI_YearlyCalendar(),,20,value_mismatch
BI_YearlyCalendar,B12:H108,F33,=BI_YearlyCalendar(),,21,value_mismatch
BI_YearlyCalendar,B12:H108,G33,=BI_YearlyCalendar(),,22,value_mismatch
BI_YearlyCalendar,B12:H108,H33,=BI_YearlyCalendar(),,23,value_mismatch
BI_YearlyCalendar,B12:H108,B34,=BI_YearlyCalendar(),,24,value_mismatch
BI_YearlyCalendar,B12:H108,C34,=BI_YearlyCalendar(),,25,value_mismatch
BI_YearlyCalendar,B12:H108,D34,=BI_YearlyCalendar(),,26,value_mismatch
BI_YearlyCalendar,B12:H108,E34,=BI_YearlyCalendar(),,27,value_mismatch
BI_YearlyCalendar,B12:H108,F34,=BI_YearlyCalendar(),,28,value_mismatch
BI_YearlyCalendar,B12:H108,G34,=BI_YearlyCalendar(),,29,value_mismatch
BI_YearlyCalendar,B12:H108,H34,=BI_YearlyCalendar(),,30,value_mismatch
BI_YearlyCalendar,B12:H108,B35,=BI_YearlyCalendar(),ஏப்ரல்,31,value_mismatch
BI_YearlyCalendar,B12:H108,C35,=BI_YearlyCalendar(),2026,,addin_blank
BI_YearlyCalendar,B12:H108,B36,=BI_YearlyCalendar(),ஞாயிறு,,addin_blank
BI_YearlyCalendar,B12:H108,C36,=BI_YearlyCalendar(),திங்கள்,,addin_blank
BI_YearlyCalendar,B12:H108,D36,=BI_YearlyCalendar(),செவ்வாய்,,addin_blank
BI_YearlyCalendar,B12:H108,E36,=BI_YearlyCalendar(),புதன்,,addin_blank
BI_YearlyCalendar,B12:H108,F36,=BI_YearlyCalendar(),வியாழன்,,addin_blank
BI_YearlyCalendar,B12:H108,G36,=BI_YearlyCalendar(),வெள்ளி,,addin_blank
BI_YearlyCalendar,B12:H108,H36,=BI_YearlyCalendar(),சனி,,addin_blank
BI_YearlyCalendar,B12:H108,B37,=BI_YearlyCalendar(),,Apr,value_mismatch
BI_YearlyCalendar,B12:H108,C37,=BI_YearlyCalendar(),,2024,value_mismatch
BI_YearlyCalendar,B12:H108,E37,=BI_YearlyCalendar(),1,,addin_blank
BI_YearlyCalendar,B12:H108,F37,=BI_YearlyCalendar(),2,,addin_blank
BI_YearlyCalendar,B12:H108,G37,=BI_YearlyCalendar(),3,,addin_blank
BI_YearlyCalendar,B12:H108,H37,=BI_YearlyCalendar(),4,,addin_blank
BI_YearlyCalendar,B12:H108,B38,=BI_YearlyCalendar(),5,Sun,value_mismatch
BI_YearlyCalendar,B12:H108,C38,=BI_YearlyCalendar(),6,Mon,value_mismatch
BI_YearlyCalendar,B12:H108,D38,=BI_YearlyCalendar(),7,Tue,value_mismatch
BI_YearlyCalendar,B12:H108,E38,=BI_YearlyCalendar(),8,Wed,value_mismatch
BI_YearlyCalendar,B12:H108,F38,=BI_YearlyCalendar(),9,Thu,value_mismatch
BI_YearlyCalendar,B12:H108,G38,=BI_YearlyCalendar(),10,Fri,value_mismatch
BI_YearlyCalendar,B12:H108,H38,=BI_YearlyCalendar(),11,Sat,value_mismatch
BI_YearlyCalendar,B12:H108,B39,=BI_YearlyCalendar(),12,,addin_blank
BI_YearlyCalendar,B12:H108,C39,=BI_YearlyCalendar(),13,1,value_mismatch
BI_YearlyCalendar,B12:H108,D39,=BI_YearlyCalendar(),14,2,value_mismatch
BI_YearlyCalendar,B12:H108,E39,=BI_YearlyCalendar(),15,3,value_mismatch
BI_YearlyCalendar,B12:H108,F39,=BI_YearlyCalendar(),16,4,value_mismatch
BI_YearlyCalendar,B12:H108,G39,=BI_YearlyCalendar(),17,5,value_mismatch
BI_YearlyCalendar,B12:H108,H39,=BI_YearlyCalendar(),18,6,value_mismatch
BI_YearlyCalendar,B12:H108,B40,=BI_YearlyCalendar(),19,7,value_mismatch
BI_YearlyCalendar,B12:H108,C40,=BI_YearlyCalendar(),20,8,value_mismatch
BI_YearlyCalendar,B12:H108,D40,=BI_YearlyCalendar(),21,9,value_mismatch
BI_YearlyCalendar,B12:H108,E40,=BI_YearlyCalendar(),22,10,value_mismatch
BI_YearlyCalendar,B12:H108,F40,=BI_YearlyCalendar(),23,11,value_mismatch
BI_YearlyCalendar,B12:H108,G40,=BI_YearlyCalendar(),24,12,value_mismatch
BI_YearlyCalendar,B12:H108,H40,=BI_YearlyCalendar(),25,13,value_mismatch
BI_YearlyCalendar,B12:H108,B41,=BI_YearlyCalendar(),26,14,value_mismatch
BI_YearlyCalendar,B12:H108,C41,=BI_YearlyCalendar(),27,15,value_mismatch
BI_YearlyCalendar,B12:H108,D41,=BI_YearlyCalendar(),28,16,value_mismatch
BI_YearlyCalendar,B12:H108,E41,=BI_YearlyCalendar(),29,17,value_mismatch
BI_YearlyCalendar,B12:H108,F41,=BI_YearlyCalendar(),30,18,value_mismatch
BI_YearlyCalendar,B12:H108,G41,=BI_YearlyCalendar(),,19,value_mismatch
BI_YearlyCalendar,B12:H108,H41,=BI_YearlyCalendar(),,20,value_mismatch
BI_YearlyCalendar,B12:H108,B42,=BI_YearlyCalendar(),,21,value_mismatch
BI_YearlyCalendar,B12:H108,C42,=BI_YearlyCalendar(),,22,value_mismatch
BI_YearlyCalendar,B12:H108,D42,=BI_YearlyCalendar(),,23,value_mismatch
BI_YearlyCalendar,B12:H108,E42,=BI_YearlyCalendar(),,24,value_mismatch
BI_YearlyCalendar,B12:H108,F42,=BI_YearlyCalendar(),,25,value_mismatch
BI_YearlyCalendar,B12:H108,G42,=BI_YearlyCalendar(),,26,value_mismatch
BI_YearlyCalendar,B12:H108,H42,=BI_YearlyCalendar(),,27,value_mismatch
BI_YearlyCalendar,B12:H108,B43,=BI_YearlyCalendar(),மே,28,value_mismatch
BI_YearlyCalendar,B12:H108,C43,=BI_YearlyCalendar(),2026,29,value_mismatch
BI_YearlyCalendar,B12:H108,D43,=BI_YearlyCalendar(),,30,value_mismatch
BI_YearlyCalendar,B12:H108,B44,=BI_YearlyCalendar(),ஞாயிறு,,addin_blank
BI_YearlyCalendar,B12:H108,C44,=BI_YearlyCalendar(),திங்கள்,,addin_blank
BI_YearlyCalendar,B12:H108,D44,=BI_YearlyCalendar(),செவ்வாய்,,addin_blank
BI_YearlyCalendar,B12:H108,E44,=BI_YearlyCalendar(),புதன்,,addin_blank
BI_YearlyCalendar,B12:H108,F44,=BI_YearlyCalendar(),வியாழன்,,addin_blank
BI_YearlyCalendar,B12:H108,G44,=BI_YearlyCalendar(),வெள்ளி,,addin_blank
BI_YearlyCalendar,B12:H108,H44,=BI_YearlyCalendar(),சனி,,addin_blank
BI_YearlyCalendar,B12:H108,B45,=BI_YearlyCalendar(),,May,value_mismatch
BI_YearlyCalendar,B12:H108,C45,=BI_YearlyCalendar(),,2024,value_mismatch
BI_YearlyCalendar,B12:H108,G45,=BI_YearlyCalendar(),1,,addin_blank
BI_YearlyCalendar,B12:H108,H45,=BI_YearlyCalendar(),2,,addin_blank
BI_YearlyCalendar,B12:H108,B46,=BI_YearlyCalendar(),3,Sun,value_mismatch
BI_YearlyCalendar,B12:H108,C46,=BI_YearlyCalendar(),4,Mon,value_mismatch
BI_YearlyCalendar,B12:H108,D46,=BI_YearlyCalendar(),5,Tue,value_mismatch
BI_YearlyCalendar,B12:H108,E46,=BI_YearlyCalendar(),6,Wed,value_mismatch
BI_YearlyCalendar,B12:H108,F46,=BI_YearlyCalendar(),7,Thu,value_mismatch
BI_YearlyCalendar,B12:H108,G46,=BI_YearlyCalendar(),8,Fri,value_mismatch
BI_YearlyCalendar,B12:H108,H46,=BI_YearlyCalendar(),9,Sat,value_mismatch
BI_YearlyCalendar,B12:H108,B47,=BI_YearlyCalendar(),10,,addin_blank
BI_YearlyCalendar,B12:H108,C47,=BI_YearlyCalendar(),11,,addin_blank
BI_YearlyCalendar,B12:H108,D47,=BI_YearlyCalendar(),12,,addin_blank
BI_YearlyCalendar,B12:H108,E47,=BI_YearlyCalendar(),13,1,value_mismatch
BI_YearlyCalendar,B12:H108,F47,=BI_YearlyCalendar(),14,2,value_mismatch
BI_YearlyCalendar,B12:H108,G47,=BI_YearlyCalendar(),15,3,value_mismatch
BI_YearlyCalendar,B12:H108,H47,=BI_YearlyCalendar(),16,4,value_mismatch
BI_YearlyCalendar,B12:H108,B48,=BI_YearlyCalendar(),17,5,value_mismatch
BI_YearlyCalendar,B12:H108,C48,=BI_YearlyCalendar(),18,6,value_mismatch
BI_YearlyCalendar,B12:H108,D48,=BI_YearlyCalendar(),19,7,value_mismatch
BI_YearlyCalendar,B12:H108,E48,=BI_YearlyCalendar(),20,8,value_mismatch
BI_YearlyCalendar,B12:H108,F48,=BI_YearlyCalendar(),21,9,value_mismatch
BI_YearlyCalendar,B12:H108,G48,=BI_YearlyCalendar(),22,10,value_mismatch
BI_YearlyCalendar,B12:H108,H48,=BI_YearlyCalendar(),23,11,value_mismatch
BI_YearlyCalendar,B12:H108,B49,=BI_YearlyCalendar(),24,12,value_mismatch
BI_YearlyCalendar,B12:H108,C49,=BI_YearlyCalendar(),25,13,value_mismatch
BI_YearlyCalendar,B12:H108,D49,=BI_YearlyCalendar(),26,14,value_mismatch
BI_YearlyCalendar,B12:H108,E49,=BI_YearlyCalendar(),27,15,value_mismatch
BI_YearlyCalendar,B12:H108,F49,=BI_YearlyCalendar(),28,16,value_mismatch
BI_YearlyCalendar,B12:H108,G49,=BI_YearlyCalendar(),29,17,value_mismatch
BI_YearlyCalendar,B12:H108,H49,=BI_YearlyCalendar(),30,18,value_mismatch
BI_YearlyCalendar,B12:H108,B50,=BI_YearlyCalendar(),31,19,value_mismatch
BI_YearlyCalendar,B12:H108,C50,=BI_YearlyCalendar(),,20,value_mismatch
BI_YearlyCalendar,B12:H108,D50,=BI_YearlyCalendar(),,21,value_mismatch
BI_YearlyCalendar,B12:H108,E50,=BI_YearlyCalendar(),,22,value_mismatch
BI_YearlyCalendar,B12:H108,F50,=BI_YearlyCalendar(),,23,value_mismatch
BI_YearlyCalendar,B12:H108,G50,=BI_YearlyCalendar(),,24,value_mismatch
BI_YearlyCalendar,B12:H108,H50,=BI_YearlyCalendar(),,25,value_mismatch
BI_YearlyCalendar,B12:H108,B51,=BI_YearlyCalendar(),,26,value_mismatch
BI_YearlyCalendar,B12:H108,C51,=BI_YearlyCalendar(),,27,value_mismatch
BI_YearlyCalendar,B12:H108,D51,=BI_YearlyCalendar(),,28,value_mismatch
BI_YearlyCalendar,B12:H108,E51,=BI_YearlyCalendar(),,29,value_mismatch
BI_YearlyCalendar,B12:H108,F51,=BI_YearlyCalendar(),,30,value_mismatch
BI_YearlyCalendar,B12:H108,G51,=BI_YearlyCalendar(),,31,value_mismatch
BI_YearlyCalendar,B12:H108,B52,=BI_YearlyCalendar(),ஜூன்,,addin_blank
BI_YearlyCalendar,B12:H108,C52,=BI_YearlyCalendar(),2026,,addin_blank
BI_YearlyCalendar,B12:H108,B53,=BI_YearlyCalendar(),ஞாயிறு,Jun,value_mismatch
BI_YearlyCalendar,B12:H108,C53,=BI_YearlyCalendar(),திங்கள்,2024,value_mismatch
BI_YearlyCalendar,B12:H108,D53,=BI_YearlyCalendar(),செவ்வாய்,,addin_blank
BI_YearlyCalendar,B12:H108,E53,=BI_YearlyCalendar(),புதன்,,addin_blank
BI_YearlyCalendar,B12:H108,F53,=BI_YearlyCalendar(),வியாழன்,,addin_blank
BI_YearlyCalendar,B12:H108,G53,=BI_YearlyCalendar(),வெள்ளி,,addin_blank
BI_YearlyCalendar,B12:H108,H53,=BI_YearlyCalendar(),சனி,,addin_blank
BI_YearlyCalendar,B12:H108,B54,=BI_YearlyCalendar(),,Sun,value_mismatch
BI_YearlyCalendar,B12:H108,C54,=BI_YearlyCalendar(),1,Mon,value_mismatch
BI_YearlyCalendar,B12:H108,D54,=BI_YearlyCalendar(),2,Tue,value_mismatch
BI_YearlyCalendar,B12:H108,E54,=BI_YearlyCalendar(),3,Wed,value_mismatch
BI_YearlyCalendar,B12:H108,F54,=BI_YearlyCalendar(),4,Thu,value_mismatch
BI_YearlyCalendar,B12:H108,G54,=BI_YearlyCalendar(),5,Fri,value_mismatch
BI_YearlyCalendar,B12:H108,H54,=BI_YearlyCalendar(),6,Sat,value_mismatch
BI_YearlyCalendar,B12:H108,B55,=BI_YearlyCalendar(),7,,addin_blank
BI_YearlyCalendar,B12:H108,C55,=BI_YearlyCalendar(),8,,addin_blank
BI_YearlyCalendar,B12:H108,D55,=BI_YearlyCalendar(),9,,addin_blank
BI_YearlyCalendar,B12:H108,E55,=BI_YearlyCalendar(),10,,addin_blank
BI_YearlyCalendar,B12:H108,F55,=BI_YearlyCalendar(),11,,addin_blank
BI_YearlyCalendar,B12:H108,G55,=BI_YearlyCalendar(),12,,addin_blank
BI_YearlyCalendar,B12:H108,H55,=BI_YearlyCalendar(),13,1,value_mismatch
BI_YearlyCalendar,B12:H108,B56,=BI_YearlyCalendar(),14,2,value_mismatch
BI_YearlyCalendar,B12:H108,C56,=BI_YearlyCalendar(),15,3,value_mismatch
BI_YearlyCalendar,B12:H108,D56,=BI_YearlyCalendar(),16,4,value_mismatch
BI_YearlyCalendar,B12:H108,E56,=BI_YearlyCalendar(),17,5,value_mismatch
BI_YearlyCalendar,B12:H108,F56,=BI_YearlyCalendar(),18,6,value_mismatch
BI_YearlyCalendar,B12:H108,G56,=BI_YearlyCalendar(),19,7,value_mismatch
BI_YearlyCalendar,B12:H108,H56,=BI_YearlyCalendar(),20,8,value_mismatch
BI_YearlyCalendar,B12:H108,B57,=BI_YearlyCalendar(),21,9,value_mismatch
BI_YearlyCalendar,B12:H108,C57,=BI_YearlyCalendar(),22,10,value_mismatch
BI_YearlyCalendar,B12:H108,D57,=BI_YearlyCalendar(),23,11,value_mismatch
BI_YearlyCalendar,B12:H108,E57,=BI_YearlyCalendar(),24,12,value_mismatch
BI_YearlyCalendar,B12:H108,F57,=BI_YearlyCalendar(),25,13,value_mismatch
BI_YearlyCalendar,B12:H108,G57,=BI_YearlyCalendar(),26,14,value_mismatch
BI_YearlyCalendar,B12:H108,H57,=BI_YearlyCalendar(),27,15,value_mismatch
BI_YearlyCalendar,B12:H108,B58,=BI_YearlyCalendar(),28,16,value_mismatch
BI_YearlyCalendar,B12:H108,C58,=BI_YearlyCalendar(),29,17,value_mismatch
BI_YearlyCalendar,B12:H108,D58,=BI_YearlyCalendar(),30,18,value_mismatch
BI_YearlyCalendar,B12:H108,E58,=BI_YearlyCalendar(),,19,value_mismatch
BI_YearlyCalendar,B12:H108,F58,=BI_YearlyCalendar(),,20,value_mismatch
BI_YearlyCalendar,B12:H108,G58,=BI_YearlyCalendar(),,21,value_mismatch
BI_YearlyCalendar,B12:H108,H58,=BI_YearlyCalendar(),,22,value_mismatch
BI_YearlyCalendar,B12:H108,B59,=BI_YearlyCalendar(),,23,value_mismatch
BI_YearlyCalendar,B12:H108,C59,=BI_YearlyCalendar(),,24,value_mismatch
BI_YearlyCalendar,B12:H108,D59,=BI_YearlyCalendar(),,25,value_mismatch
BI_YearlyCalendar,B12:H108,E59,=BI_YearlyCalendar(),,26,value_mismatch
BI_YearlyCalendar,B12:H108,F59,=BI_YearlyCalendar(),,27,value_mismatch
BI_YearlyCalendar,B12:H108,G59,=BI_YearlyCalendar(),,28,value_mismatch
BI_YearlyCalendar,B12:H108,H59,=BI_YearlyCalendar(),,29,value_mismatch
BI_YearlyCalendar,B12:H108,B60,=BI_YearlyCalendar(),ஜூலை,30,value_mismatch
BI_YearlyCalendar,B12:H108,C60,=BI_YearlyCalendar(),2026,,addin_blank
BI_YearlyCalendar,B12:H108,B61,=BI_YearlyCalendar(),ஞாயிறு,,addin_blank
BI_YearlyCalendar,B12:H108,C61,=BI_YearlyCalendar(),திங்கள்,,addin_blank
BI_YearlyCalendar,B12:H108,D61,=BI_YearlyCalendar(),செவ்வாய்,,addin_blank
BI_YearlyCalendar,B12:H108,E61,=BI_YearlyCalendar(),புதன்,,addin_blank
BI_YearlyCalendar,B12:H108,F61,=BI_YearlyCalendar(),வியாழன்,,addin_blank
BI_YearlyCalendar,B12:H108,G61,=BI_YearlyCalendar(),வெள்ளி,,addin_blank
BI_YearlyCalendar,B12:H108,H61,=BI_YearlyCalendar(),சனி,,addin_blank
BI_YearlyCalendar,B12:H108,B62,=BI_YearlyCalendar(),,Jul,value_mismatch
BI_YearlyCalendar,B12:H108,C62,=BI_YearlyCalendar(),,2024,value_mismatch
BI_YearlyCalendar,B12:H108,E62,=BI_YearlyCalendar(),1,,addin_blank
BI_YearlyCalendar,B12:H108,F62,=BI_YearlyCalendar(),2,,addin_blank
BI_YearlyCalendar,B12:H108,G62,=BI_YearlyCalendar(),3,,addin_blank
BI_YearlyCalendar,B12:H108,H62,=BI_YearlyCalendar(),4,,addin_blank
BI_YearlyCalendar,B12:H108,B63,=BI_YearlyCalendar(),5,Sun,value_mismatch
BI_YearlyCalendar,B12:H108,C63,=BI_YearlyCalendar(),6,Mon,value_mismatch
BI_YearlyCalendar,B12:H108,D63,=BI_YearlyCalendar(),7,Tue,value_mismatch
BI_YearlyCalendar,B12:H108,E63,=BI_YearlyCalendar(),8,Wed,value_mismatch
BI_YearlyCalendar,B12:H108,F63,=BI_YearlyCalendar(),9,Thu,value_mismatch
BI_YearlyCalendar,B12:H108,G63,=BI_YearlyCalendar(),10,Fri,value_mismatch
BI_YearlyCalendar,B12:H108,H63,=BI_YearlyCalendar(),11,Sat,value_mismatch
BI_YearlyCalendar,B12:H108,B64,=BI_YearlyCalendar(),12,,addin_blank
BI_YearlyCalendar,B12:H108,C64,=BI_YearlyCalendar(),13,1,value_mismatch
BI_YearlyCalendar,B12:H108,D64,=BI_YearlyCalendar(),14,2,value_mismatch
BI_YearlyCalendar,B12:H108,E64,=BI_YearlyCalendar(),15,3,value_mismatch
BI_YearlyCalendar,B12:H108,F64,=BI_YearlyCalendar(),16,4,value_mismatch
BI_YearlyCalendar,B12:H108,G64,=BI_YearlyCalendar(),17,5,value_mismatch
BI_YearlyCalendar,B12:H108,H64,=BI_YearlyCalendar(),18,6,value_mismatch
BI_YearlyCalendar,B12:H108,B65,=BI_YearlyCalendar(),19,7,value_mismatch
BI_YearlyCalendar,B12:H108,C65,=BI_YearlyCalendar(),20,8,value_mismatch
BI_YearlyCalendar,B12:H108,D65,=BI_YearlyCalendar(),21,9,value_mismatch
BI_YearlyCalendar,B12:H108,E65,=BI_YearlyCalendar(),22,10,value_mismatch
BI_YearlyCalendar,B12:H108,F65,=BI_YearlyCalendar(),23,11,value_mismatch
BI_YearlyCalendar,B12:H108,G65,=BI_YearlyCalendar(),24,12,value_mismatch
BI_YearlyCalendar,B12:H108,H65,=BI_YearlyCalendar(),25,13,value_mismatch
BI_YearlyCalendar,B12:H108,B66,=BI_YearlyCalendar(),26,14,value_mismatch
BI_YearlyCalendar,B12:H108,C66,=BI_YearlyCalendar(),27,15,value_mismatch
BI_YearlyCalendar,B12:H108,D66,=BI_YearlyCalendar(),28,16,value_mismatch
BI_YearlyCalendar,B12:H108,E66,=BI_YearlyCalendar(),29,17,value_mismatch
BI_YearlyCalendar,B12:H108,F66,=BI_YearlyCalendar(),30,18,value_mismatch
BI_YearlyCalendar,B12:H108,G66,=BI_YearlyCalendar(),31,19,value_mismatch
BI_YearlyCalendar,B12:H108,H66,=BI_YearlyCalendar(),,20,value_mismatch
BI_YearlyCalendar,B12:H108,B67,=BI_YearlyCalendar(),,21,value_mismatch
BI_YearlyCalendar,B12:H108,C67,=BI_YearlyCalendar(),,22,value_mismatch
BI_YearlyCalendar,B12:H108,D67,=BI_YearlyCalendar(),,23,value_mismatch
BI_YearlyCalendar,B12:H108,E67,=BI_YearlyCalendar(),,24,value_mismatch
BI_YearlyCalendar,B12:H108,F67,=BI_YearlyCalendar(),,25,value_mismatch
BI_YearlyCalendar,B12:H108,G67,=BI_YearlyCalendar(),,26,value_mismatch
BI_YearlyCalendar,B12:H108,H67,=BI_YearlyCalendar(),,27,value_mismatch
BI_YearlyCalendar,B12:H108,B68,=BI_YearlyCalendar(),ஆகஸ்ட்,28,value_mismatch
BI_YearlyCalendar,B12:H108,C68,=BI_YearlyCalendar(),2026,29,value_mismatch
BI_YearlyCalendar,B12:H108,D68,=BI_YearlyCalendar(),,30,value_mismatch
BI_YearlyCalendar,B12:H108,E68,=BI_YearlyCalendar(),,31,value_mismatch
BI_YearlyCalendar,B12:H108,B69,=BI_YearlyCalendar(),ஞாயிறு,,addin_blank
BI_YearlyCalendar,B12:H108,C69,=BI_YearlyCalendar(),திங்கள்,,addin_blank
BI_YearlyCalendar,B12:H108,D69,=BI_YearlyCalendar(),செவ்வாய்,,addin_blank
BI_YearlyCalendar,B12:H108,E69,=BI_YearlyCalendar(),புதன்,,addin_blank
BI_YearlyCalendar,B12:H108,F69,=BI_YearlyCalendar(),வியாழன்,,addin_blank
BI_YearlyCalendar,B12:H108,G69,=BI_YearlyCalendar(),வெள்ளி,,addin_blank
BI_YearlyCalendar,B12:H108,H69,=BI_YearlyCalendar(),சனி,,addin_blank
BI_YearlyCalendar,B12:H108,B70,=BI_YearlyCalendar(),,Aug,value_mismatch
BI_YearlyCalendar,B12:H108,C70,=BI_YearlyCalendar(),,2024,value_mismatch
BI_YearlyCalendar,B12:H108,H70,=BI_YearlyCalendar(),1,,addin_blank
BI_YearlyCalendar,B12:H108,B71,=BI_YearlyCalendar(),2,Sun,value_mismatch
BI_YearlyCalendar,B12:H108,C71,=BI_YearlyCalendar(),3,Mon,value_mismatch
BI_YearlyCalendar,B12:H108,D71,=BI_YearlyCalendar(),4,Tue,value_mismatch
BI_YearlyCalendar,B12:H108,E71,=BI_YearlyCalendar(),5,Wed,value_mismatch
BI_YearlyCalendar,B12:H108,F71,=BI_YearlyCalendar(),6,Thu,value_mismatch
BI_YearlyCalendar,B12:H108,G71,=BI_YearlyCalendar(),7,Fri,value_mismatch
BI_YearlyCalendar,B12:H108,H71,=BI_YearlyCalendar(),8,Sat,value_mismatch
BI_YearlyCalendar,B12:H108,B72,=BI_YearlyCalendar(),9,,addin_blank
BI_YearlyCalendar,B12:H108,C72,=BI_YearlyCalendar(),10,,addin_blank
BI_YearlyCalendar,B12:H108,D72,=BI_YearlyCalendar(),11,,addin_blank
BI_YearlyCalendar,B12:H108,E72,=BI_YearlyCalendar(),12,,addin_blank
BI_YearlyCalendar,B12:H108,F72,=BI_YearlyCalendar(),13,1,value_mismatch
BI_YearlyCalendar,B12:H108,G72,=BI_YearlyCalendar(),14,2,value_mismatch
BI_YearlyCalendar,B12:H108,H72,=BI_YearlyCalendar(),15,3,value_mismatch
BI_YearlyCalendar,B12:H108,B73,=BI_YearlyCalendar(),16,4,value_mismatch
BI_YearlyCalendar,B12:H108,C73,=BI_YearlyCalendar(),17,5,value_mismatch
BI_YearlyCalendar,B12:H108,D73,=BI_YearlyCalendar(),18,6,value_mismatch
BI_YearlyCalendar,B12:H108,E73,=BI_YearlyCalendar(),19,7,value_mismatch
BI_YearlyCalendar,B12:H108,F73,=BI_YearlyCalendar(),20,8,value_mismatch
BI_YearlyCalendar,B12:H108,G73,=BI_YearlyCalendar(),21,9,value_mismatch
BI_YearlyCalendar,B12:H108,H73,=BI_YearlyCalendar(),22,10,value_mismatch
BI_YearlyCalendar,B12:H108,B74,=BI_YearlyCalendar(),23,11,value_mismatch
BI_YearlyCalendar,B12:H108,C74,=BI_YearlyCalendar(),24,12,value_mismatch
BI_YearlyCalendar,B12:H108,D74,=BI_YearlyCalendar(),25,13,value_mismatch
BI_YearlyCalendar,B12:H108,E74,=BI_YearlyCalendar(),26,14,value_mismatch
BI_YearlyCalendar,B12:H108,F74,=BI_YearlyCalendar(),27,15,value_mismatch
BI_YearlyCalendar,B12:H108,G74,=BI_YearlyCalendar(),28,16,value_mismatch
BI_YearlyCalendar,B12:H108,H74,=BI_YearlyCalendar(),29,17,value_mismatch
BI_YearlyCalendar,B12:H108,B75,=BI_YearlyCalendar(),30,18,value_mismatch
BI_YearlyCalendar,B12:H108,C75,=BI_YearlyCalendar(),31,19,value_mismatch
BI_YearlyCalendar,B12:H108,D75,=BI_YearlyCalendar(),,20,value_mismatch
BI_YearlyCalendar,B12:H108,E75,=BI_YearlyCalendar(),,21,value_mismatch
BI_YearlyCalendar,B12:H108,F75,=BI_YearlyCalendar(),,22,value_mismatch
BI_YearlyCalendar,B12:H108,G75,=BI_YearlyCalendar(),,23,value_mismatch
BI_YearlyCalendar,B12:H108,H75,=BI_YearlyCalendar(),,24,value_mismatch
BI_YearlyCalendar,B12:H108,B76,=BI_YearlyCalendar(),,25,value_mismatch
BI_YearlyCalendar,B12:H108,C76,=BI_YearlyCalendar(),,26,value_mismatch
BI_YearlyCalendar,B12:H108,D76,=BI_YearlyCalendar(),,27,value_mismatch
BI_YearlyCalendar,B12:H108,E76,=BI_YearlyCalendar(),,28,value_mismatch
BI_YearlyCalendar,B12:H108,F76,=BI_YearlyCalendar(),,29,value_mismatch
BI_YearlyCalendar,B12:H108,G76,=BI_YearlyCalendar(),,30,value_mismatch
BI_YearlyCalendar,B12:H108,H76,=BI_YearlyCalendar(),,31,value_mismatch
BI_YearlyCalendar,B12:H108,B77,=BI_YearlyCalendar(),செப்டம்பர்,,addin_blank
BI_YearlyCalendar,B12:H108,C77,=BI_YearlyCalendar(),2026,,addin_blank
BI_YearlyCalendar,B12:H108,B78,=BI_YearlyCalendar(),ஞாயிறு,Sep,value_mismatch
BI_YearlyCalendar,B12:H108,C78,=BI_YearlyCalendar(),திங்கள்,2024,value_mismatch
BI_YearlyCalendar,B12:H108,D78,=BI_YearlyCalendar(),செவ்வாய்,,addin_blank
BI_YearlyCalendar,B12:H108,E78,=BI_YearlyCalendar(),புதன்,,addin_blank
BI_YearlyCalendar,B12:H108,F78,=BI_YearlyCalendar(),வியாழன்,,addin_blank
BI_YearlyCalendar,B12:H108,G78,=BI_YearlyCalendar(),வெள்ளி,,addin_blank
BI_YearlyCalendar,B12:H108,H78,=BI_YearlyCalendar(),சனி,,addin_blank
BI_YearlyCalendar,B12:H108,B79,=BI_YearlyCalendar(),,Sun,value_mismatch
BI_YearlyCalendar,B12:H108,C79,=BI_YearlyCalendar(),,Mon,value_mismatch
BI_YearlyCalendar,B12:H108,D79,=BI_YearlyCalendar(),1,Tue,value_mismatch
BI_YearlyCalendar,B12:H108,E79,=BI_YearlyCalendar(),2,Wed,value_mismatch
BI_YearlyCalendar,B12:H108,F79,=BI_YearlyCalendar(),3,Thu,value_mismatch
BI_YearlyCalendar,B12:H108,G79,=BI_YearlyCalendar(),4,Fri,value_mismatch
BI_YearlyCalendar,B12:H108,H79,=BI_YearlyCalendar(),5,Sat,value_mismatch
BI_YearlyCalendar,B12:H108,B80,=BI_YearlyCalendar(),6,1,value_mismatch
BI_YearlyCalendar,B12:H108,C80,=BI_YearlyCalendar(),7,2,value_mismatch
BI_YearlyCalendar,B12:H108,D80,=BI_YearlyCalendar(),8,3,value_mismatch
BI_YearlyCalendar,B12:H108,E80,=BI_YearlyCalendar(),9,4,value_mismatch
BI_YearlyCalendar,B12:H108,F80,=BI_YearlyCalendar(),10,5,value_mismatch
BI_YearlyCalendar,B12:H108,G80,=BI_YearlyCalendar(),11,6,value_mismatch
BI_YearlyCalendar,B12:H108,H80,=BI_YearlyCalendar(),12,7,value_mismatch
BI_YearlyCalendar,B12:H108,B81,=BI_YearlyCalendar(),13,8,value_mismatch
BI_YearlyCalendar,B12:H108,C81,=BI_YearlyCalendar(),14,9,value_mismatch
BI_YearlyCalendar,B12:H108,D81,=BI_YearlyCalendar(),15,10,value_mismatch
BI_YearlyCalendar,B12:H108,E81,=BI_YearlyCalendar(),16,11,value_mismatch
BI_YearlyCalendar,B12:H108,F81,=BI_YearlyCalendar(),17,12,value_mismatch
BI_YearlyCalendar,B12:H108,G81,=BI_YearlyCalendar(),18,13,value_mismatch
BI_YearlyCalendar,B12:H108,H81,=BI_YearlyCalendar(),19,14,value_mismatch
BI_YearlyCalendar,B12:H108,B82,=BI_YearlyCalendar(),20,15,value_mismatch
BI_YearlyCalendar,B12:H108,C82,=BI_YearlyCalendar(),21,16,value_mismatch
BI_YearlyCalendar,B12:H108,D82,=BI_YearlyCalendar(),22,17,value_mismatch
BI_YearlyCalendar,B12:H108,E82,=BI_YearlyCalendar(),23,18,value_mismatch
BI_YearlyCalendar,B12:H108,F82,=BI_YearlyCalendar(),24,19,value_mismatch
BI_YearlyCalendar,B12:H108,G82,=BI_YearlyCalendar(),25,20,value_mismatch
BI_YearlyCalendar,B12:H108,H82,=BI_YearlyCalendar(),26,21,value_mismatch
BI_YearlyCalendar,B12:H108,B83,=BI_YearlyCalendar(),27,22,value_mismatch
BI_YearlyCalendar,B12:H108,C83,=BI_YearlyCalendar(),28,23,value_mismatch
BI_YearlyCalendar,B12:H108,D83,=BI_YearlyCalendar(),29,24,value_mismatch
BI_YearlyCalendar,B12:H108,E83,=BI_YearlyCalendar(),30,25,value_mismatch
BI_YearlyCalendar,B12:H108,F83,=BI_YearlyCalendar(),,26,value_mismatch
BI_YearlyCalendar,B12:H108,G83,=BI_YearlyCalendar(),,27,value_mismatch
BI_YearlyCalendar,B12:H108,H83,=BI_YearlyCalendar(),,28,value_mismatch
BI_YearlyCalendar,B12:H108,B84,=BI_YearlyCalendar(),,29,value_mismatch
BI_YearlyCalendar,B12:H108,C84,=BI_YearlyCalendar(),,30,value_mismatch
BI_YearlyCalendar,B12:H108,B85,=BI_YearlyCalendar(),அக்டோபர்,,addin_blank
BI_YearlyCalendar,B12:H108,C85,=BI_YearlyCalendar(),2026,,addin_blank
BI_YearlyCalendar,B12:H108,B86,=BI_YearlyCalendar(),ஞாயிறு,Oct,value_mismatch
BI_YearlyCalendar,B12:H108,C86,=BI_YearlyCalendar(),திங்கள்,2024,value_mismatch
BI_YearlyCalendar,B12:H108,D86,=BI_YearlyCalendar(),செவ்வாய்,,addin_blank
BI_YearlyCalendar,B12:H108,E86,=BI_YearlyCalendar(),புதன்,,addin_blank
BI_YearlyCalendar,B12:H108,F86,=BI_YearlyCalendar(),வியாழன்,,addin_blank
BI_YearlyCalendar,B12:H108,G86,=BI_YearlyCalendar(),வெள்ளி,,addin_blank
BI_YearlyCalendar,B12:H108,H86,=BI_YearlyCalendar(),சனி,,addin_blank
BI_YearlyCalendar,B12:H108,B87,=BI_YearlyCalendar(),,Sun,value_mismatch
BI_YearlyCalendar,B12:H108,C87,=BI_YearlyCalendar(),,Mon,value_mismatch
BI_YearlyCalendar,B12:H108,D87,=BI_YearlyCalendar(),,Tue,value_mismatch
BI_YearlyCalendar,B12:H108,E87,=BI_YearlyCalendar(),,Wed,value_mismatch
BI_YearlyCalendar,B12:H108,F87,=BI_YearlyCalendar(),1,Thu,value_mismatch
BI_YearlyCalendar,B12:H108,G87,=BI_YearlyCalendar(),2,Fri,value_mismatch
BI_YearlyCalendar,B12:H108,H87,=BI_YearlyCalendar(),3,Sat,value_mismatch
BI_YearlyCalendar,B12:H108,B88,=BI_YearlyCalendar(),4,,addin_blank
BI_YearlyCalendar,B12:H108,C88,=BI_YearlyCalendar(),5,,addin_blank
BI_YearlyCalendar,B12:H108,D88,=BI_YearlyCalendar(),6,1,value_mismatch
BI_YearlyCalendar,B12:H108,E88,=BI_YearlyCalendar(),7,2,value_mismatch
BI_YearlyCalendar,B12:H108,F88,=BI_YearlyCalendar(),8,3,value_mismatch
BI_YearlyCalendar,B12:H108,G88,=BI_YearlyCalendar(),9,4,value_mismatch
BI_YearlyCalendar,B12:H108,H88,=BI_YearlyCalendar(),10,5,value_mismatch
BI_YearlyCalendar,B12:H108,B89,=BI_YearlyCalendar(),11,6,value_mismatch
BI_YearlyCalendar,B12:H108,C89,=BI_YearlyCalendar(),12,7,value_mismatch
BI_YearlyCalendar,B12:H108,D89,=BI_YearlyCalendar(),13,8,value_mismatch
BI_YearlyCalendar,B12:H108,E89,=BI_YearlyCalendar(),14,9,value_mismatch
BI_YearlyCalendar,B12:H108,F89,=BI_YearlyCalendar(),15,10,value_mismatch
BI_YearlyCalendar,B12:H108,G89,=BI_YearlyCalendar(),16,11,value_mismatch
BI_YearlyCalendar,B12:H108,H89,=BI_YearlyCalendar(),17,12,value_mismatch
BI_YearlyCalendar,B12:H108,B90,=BI_YearlyCalendar(),18,13,value_mismatch
BI_YearlyCalendar,B12:H108,C90,=BI_YearlyCalendar(),19,14,value_mismatch
BI_YearlyCalendar,B12:H108,D90,=BI_YearlyCalendar(),20,15,value_mismatch
BI_YearlyCalendar,B12:H108,E90,=BI_YearlyCalendar(),21,16,value_mismatch
BI_YearlyCalendar,B12:H108,F90,=BI_YearlyCalendar(),22,17,value_mismatch
BI_YearlyCalendar,B12:H108,G90,=BI_YearlyCalendar(),23,18,value_mismatch
BI_YearlyCalendar,B12:H108,H90,=BI_YearlyCalendar(),24,19,value_mismatch
BI_YearlyCalendar,B12:H108,B91,=BI_YearlyCalendar(),25,20,value_mismatch
BI_YearlyCalendar,B12:H108,C91,=BI_YearlyCalendar(),26,21,value_mismatch
BI_YearlyCalendar,B12:H108,D91,=BI_YearlyCalendar(),27,22,value_mismatch
BI_YearlyCalendar,B12:H108,E91,=BI_YearlyCalendar(),28,23,value_mismatch
BI_YearlyCalendar,B12:H108,F91,=BI_YearlyCalendar(),29,24,value_mismatch
BI_YearlyCalendar,B12:H108,G91,=BI_YearlyCalendar(),30,25,value_mismatch
BI_YearlyCalendar,B12:H108,H91,=BI_YearlyCalendar(),31,26,value_mismatch
BI_YearlyCalendar,B12:H108,B92,=BI_YearlyCalendar(),,27,value_mismatch
BI_YearlyCalendar,B12:H108,C92,=BI_YearlyCalendar(),,28,value_mismatch
BI_YearlyCalendar,B12:H108,D92,=BI_YearlyCalendar(),,29,value_mismatch
BI_YearlyCalendar,B12:H108,E92,=BI_YearlyCalendar(),,30,value_mismatch
BI_YearlyCalendar,B12:H108,F92,=BI_YearlyCalendar(),,31,value_mismatch
BI_YearlyCalendar,B12:H108,B93,=BI_YearlyCalendar(),நவம்பர்,,addin_blank
BI_YearlyCalendar,B12:H108,C93,=BI_YearlyCalendar(),2026,,addin_blank
BI_YearlyCalendar,B12:H108,B94,=BI_YearlyCalendar(),ஞாயிறு,Nov,value_mismatch
BI_YearlyCalendar,B12:H108,C94,=BI_YearlyCalendar(),திங்கள்,2024,value_mismatch
BI_YearlyCalendar,B12:H108,D94,=BI_YearlyCalendar(),செவ்வாய்,,addin_blank
BI_YearlyCalendar,B12:H108,E94,=BI_YearlyCalendar(),புதன்,,addin_blank
BI_YearlyCalendar,B12:H108,F94,=BI_YearlyCalendar(),வியாழன்,,addin_blank
BI_YearlyCalendar,B12:H108,G94,=BI_YearlyCalendar(),வெள்ளி,,addin_blank
BI_YearlyCalendar,B12:H108,H94,=BI_YearlyCalendar(),சனி,,addin_blank
BI_YearlyCalendar,B12:H108,B95,=BI_YearlyCalendar(),1,Sun,value_mismatch
BI_YearlyCalendar,B12:H108,C95,=BI_YearlyCalendar(),2,Mon,value_mismatch
BI_YearlyCalendar,B12:H108,D95,=BI_YearlyCalendar(),3,Tue,value_mismatch
BI_YearlyCalendar,B12:H108,E95,=BI_YearlyCalendar(),4,Wed,value_mismatch
BI_YearlyCalendar,B12:H108,F95,=BI_YearlyCalendar(),5,Thu,value_mismatch
BI_YearlyCalendar,B12:H108,G95,=BI_YearlyCalendar(),6,Fri,value_mismatch
BI_YearlyCalendar,B12:H108,H95,=BI_YearlyCalendar(),7,Sat,value_mismatch
BI_YearlyCalendar,B12:H108,B96,=BI_YearlyCalendar(),8,,addin_blank
BI_YearlyCalendar,B12:H108,C96,=BI_YearlyCalendar(),9,,addin_blank
BI_YearlyCalendar,B12:H108,D96,=BI_YearlyCalendar(),10,,addin_blank
BI_YearlyCalendar,B12:H108,E96,=BI_YearlyCalendar(),11,,addin_blank
BI_YearlyCalendar,B12:H108,F96,=BI_YearlyCalendar(),12,,addin_blank
BI_YearlyCalendar,B12:H108,G96,=BI_YearlyCalendar(),13,1,value_mismatch
BI_YearlyCalendar,B12:H108,H96,=BI_YearlyCalendar(),14,2,value_mismatch
BI_YearlyCalendar,B12:H108,B97,=BI_YearlyCalendar(),15,3,value_mismatch
BI_YearlyCalendar,B12:H108,C97,=BI_YearlyCalendar(),16,4,value_mismatch
BI_YearlyCalendar,B12:H108,D97,=BI_YearlyCalendar(),17,5,value_mismatch
BI_YearlyCalendar,B12:H108,E97,=BI_YearlyCalendar(),18,6,value_mismatch
BI_YearlyCalendar,B12:H108,F97,=BI_YearlyCalendar(),19,7,value_mismatch
BI_YearlyCalendar,B12:H108,G97,=BI_YearlyCalendar(),20,8,value_mismatch
BI_YearlyCalendar,B12:H108,H97,=BI_YearlyCalendar(),21,9,value_mismatch
BI_YearlyCalendar,B12:H108,B98,=BI_YearlyCalendar(),22,10,value_mismatch
BI_YearlyCalendar,B12:H108,C98,=BI_YearlyCalendar(),23,11,value_mismatch
BI_YearlyCalendar,B12:H108,D98,=BI_YearlyCalendar(),24,12,value_mismatch
BI_YearlyCalendar,B12:H108,E98,=BI_YearlyCalendar(),25,13,value_mismatch
BI_YearlyCalendar,B12:H108,F98,=BI_YearlyCalendar(),26,14,value_mismatch
BI_YearlyCalendar,B12:H108,G98,=BI_YearlyCalendar(),27,15,value_mismatch
BI_YearlyCalendar,B12:H108,H98,=BI_YearlyCalendar(),28,16,value_mismatch
BI_YearlyCalendar,B12:H108,B99,=BI_YearlyCalendar(),29,17,value_mismatch
BI_YearlyCalendar,B12:H108,C99,=BI_YearlyCalendar(),30,18,value_mismatch
BI_YearlyCalendar,B12:H108,D99,=BI_YearlyCalendar(),,19,value_mismatch
BI_YearlyCalendar,B12:H108,E99,=BI_YearlyCalendar(),,20,value_mismatch
BI_YearlyCalendar,B12:H108,F99,=BI_YearlyCalendar(),,21,value_mismatch
BI_YearlyCalendar,B12:H108,G99,=BI_YearlyCalendar(),,22,value_mismatch
BI_YearlyCalendar,B12:H108,H99,=BI_YearlyCalendar(),,23,value_mismatch
BI_YearlyCalendar,B12:H108,B100,=BI_YearlyCalendar(),,24,value_mismatch
BI_YearlyCalendar,B12:H108,C100,=BI_YearlyCalendar(),,25,value_mismatch
BI_YearlyCalendar,B12:H108,D100,=BI_YearlyCalendar(),,26,value_mismatch
BI_YearlyCalendar,B12:H108,E100,=BI_YearlyCalendar(),,27,value_mismatch
BI_YearlyCalendar,B12:H108,F100,=BI_YearlyCalendar(),,28,value_mismatch
BI_YearlyCalendar,B12:H108,G100,=BI_YearlyCalendar(),,29,value_mismatch
BI_YearlyCalendar,B12:H108,H100,=BI_YearlyCalendar(),,30,value_mismatch
BI_YearlyCalendar,B12:H108,B101,=BI_YearlyCalendar(),டிசம்பர்,,addin_blank
BI_YearlyCalendar,B12:H108,C101,=BI_YearlyCalendar(),2026,,addin_blank
BI_YearlyCalendar,B12:H108,B102,=BI_YearlyCalendar(),ஞாயிறு,Dec,value_mismatch
BI_YearlyCalendar,B12:H108,C102,=BI_YearlyCalendar(),திங்கள்,2024,value_mismatch
BI_YearlyCalendar,B12:H108,D102,=BI_YearlyCalendar(),செவ்வாய்,,addin_blank
BI_YearlyCalendar,B12:H108,E102,=BI_YearlyCalendar(),புதன்,,addin_blank
BI_YearlyCalendar,B12:H108,F102,=BI_YearlyCalendar(),வியாழன்,,addin_blank
BI_YearlyCalendar,B12:H108,G102,=BI_YearlyCalendar(),வெள்ளி,,addin_blank
BI_YearlyCalendar,B12:H108,H102,=BI_YearlyCalendar(),சனி,,addin_blank
BI_YearlyCalendar,B12:H108,B103,=BI_YearlyCalendar(),,Sun,value_mismatch
BI_YearlyCalendar,B12:H108,C103,=BI_YearlyCalendar(),,Mon,value_mismatch
BI_YearlyCalendar,B12:H108,D103,=BI_YearlyCalendar(),1,Tue,value_mismatch
BI_YearlyCalendar,B12:H108,E103,=BI_YearlyCalendar(),2,Wed,value_mismatch
BI_YearlyCalendar,B12:H108,F103,=BI_YearlyCalendar(),3,Thu,value_mismatch
BI_YearlyCalendar,B12:H108,G103,=BI_YearlyCalendar(),4,Fri,value_mismatch
BI_YearlyCalendar,B12:H108,H103,=BI_YearlyCalendar(),5,Sat,value_mismatch
BI_YearlyCalendar,B12:H108,B104,=BI_YearlyCalendar(),6,1,value_mismatch
BI_YearlyCalendar,B12:H108,C104,=BI_YearlyCalendar(),7,2,value_mismatch
BI_YearlyCalendar,B12:H108,D104,=BI_YearlyCalendar(),8,3,value_mismatch
BI_YearlyCalendar,B12:H108,E104,=BI_YearlyCalendar(),9,4,value_mismatch
BI_YearlyCalendar,B12:H108,F104,=BI_YearlyCalendar(),10,5,value_mismatch
BI_YearlyCalendar,B12:H108,G104,=BI_YearlyCalendar(),11,6,value_mismatch
BI_YearlyCalendar,B12:H108,H104,=BI_YearlyCalendar(),12,7,value_mismatch
BI_YearlyCalendar,B12:H108,B105,=BI_YearlyCalendar(),13,8,value_mismatch
BI_YearlyCalendar,B12:H108,C105,=BI_YearlyCalendar(),14,9,value_mismatch
BI_YearlyCalendar,B12:H108,D105,=BI_YearlyCalendar(),15,10,value_mismatch
BI_YearlyCalendar,B12:H108,E105,=BI_YearlyCalendar(),16,11,value_mismatch
BI_YearlyCalendar,B12:H108,F105,=BI_YearlyCalendar(),17,12,value_mismatch
BI_YearlyCalendar,B12:H108,G105,=BI_YearlyCalendar(),18,13,value_mismatch
BI_YearlyCalendar,B12:H108,H105,=BI_YearlyCalendar(),19,14,value_mismatch
BI_YearlyCalendar,B12:H108,B106,=BI_YearlyCalendar(),20,15,value_mismatch
BI_YearlyCalendar,B12:H108,C106,=BI_YearlyCalendar(),21,16,value_mismatch
BI_YearlyCalendar,B12:H108,D106,=BI_YearlyCalendar(),22,17,value_mismatch
BI_YearlyCalendar,B12:H108,E106,=BI_YearlyCalendar(),23,18,value_mismatch
BI_YearlyCalendar,B12:H108,F106,=BI_YearlyCalendar(),24,19,value_mismatch
BI_YearlyCalendar,B12:H108,G106,=BI_YearlyCalendar(),25,20,value_mismatch
BI_YearlyCalendar,B12:H108,H106,=BI_YearlyCalendar(),26,21,value_mismatch
BI_YearlyCalendar,B12:H108,B107,=BI_YearlyCalendar(),27,22,value_mismatch
BI_YearlyCalendar,B12:H108,C107,=BI_YearlyCalendar(),28,23,value_mismatch
BI_YearlyCalendar,B12:H108,D107,=BI_YearlyCalendar(),29,24,value_mismatch
BI_YearlyCalendar,B12:H108,E107,=BI_YearlyCalendar(),30,25,value_mismatch
BI_YearlyCalendar,B12:H108,F107,=BI_YearlyCalendar(),31,26,value_mismatch
BI_YearlyCalendar,B12:H108,G107,=BI_YearlyCalendar(),,27,value_mismatch
BI_YearlyCalendar,B12:H108,H107,=BI_YearlyCalendar(),,28,value_mismatch
BI_YearlyCalendar,B12:H108,B108,=BI_YearlyCalendar(),,29,value_mismatch
BI_YearlyCalendar,B12:H108,C108,=BI_YearlyCalendar(),,30,value_mismatch
BI_YearlyCalendar,B12:H108,D108,=BI_YearlyCalendar(),,31,value_mismatch
